SYMBOL,DATE,OPEN,HIGH,LOW,CLOSE,VOLUME,OPENINT
HVN,2017-01-03,25.75,25.75,25.75,25.75,700.0,0.0
HVN,2017-01-04,29.56,29.56,29.56,29.56,8868.0,0.0
HVN,2017-01-05,33.96,33.96,30.22,32.38,764180.0,0.0
HVN,2017-01-06,34.29,34.29,28.9,28.9,250926.0,0.0
HVN,2017-01-09,30.35,30.35,26.93,27.46,159553.0,0.0
HVN,2017-01-10,27.46,28.9,25.82,28.25,129615.0,0.0
HVN,2017-01-11,27.79,28.9,27.79,28.57,91056.0,0.0
HVN,2017-01-12,28.38,28.57,27.92,27.92,113008.0,0.0
HVN,2017-01-13,27.85,27.98,27.59,27.72,168714.0,0.0
HVN,2017-01-16,27.59,27.59,26.34,26.93,111337.0,0.0
HVN,2017-01-17,26.6,26.73,25.95,26.21,163282.0,0.0
HVN,2017-01-18,25.95,26.21,24.96,25.62,115276.0,0.0
HVN,2017-01-19,25.49,25.95,25.16,25.62,67936.0,0.0
HVN,2017-01-20,25.29,25.49,24.83,25.03,172546.0,0.0
HVN,2017-01-23,24.96,25.09,24.83,25.03,95764.0,0.0
HVN,2017-01-24,24.96,25.29,24.96,25.16,92226.0,0.0
HVN,2017-01-25,25.03,25.42,24.96,25.29,144059.0,0.0
HVN,2017-02-02,25.62,25.62,25.03,25.55,35528.0,0.0
HVN,2017-02-03,25.82,26.01,25.36,25.42,191300.0,0.0
HVN,2017-02-06,25.62,25.62,25.16,25.36,86780.0,0.0
HVN,2017-02-07,25.29,25.29,25.03,25.09,131437.0,0.0
HVN,2017-02-08,24.96,25.75,24.96,25.49,95870.0,0.0
HVN,2017-02-09,25.55,25.55,25.29,25.42,76107.0,0.0
HVN,2017-02-10,25.42,28.25,25.42,28.18,440047.0,0.0
HVN,2017-02-13,28.25,29.43,27.92,28.97,281767.0,0.0
HVN,2017-02-14,29.03,29.23,27.79,27.79,239390.0,0.0
HVN,2017-02-15,27.65,27.98,27.13,27.26,364184.0,0.0
HVN,2017-02-16,27.33,27.33,25.88,26.08,583476.0,0.0
HVN,2017-02-17,25.82,26.08,25.55,25.95,765046.0,0.0
HVN,2017-02-20,26.34,27.85,25.95,27.52,2727835.0,0.0
HVN,2017-02-21,28.25,28.25,26.67,26.87,419088.0,0.0
HVN,2017-02-22,27.0,27.0,26.08,26.47,484550.0,0.0
HVN,2017-02-23,26.21,26.21,22.53,23.58,5427447.0,0.0
HVN,2017-02-24,24.17,24.17,20.56,21.68,6416518.0,0.0
HVN,2017-02-27,21.68,24.7,21.68,24.7,6787409.0,0.0
HVN,2017-02-28,26.28,26.28,21.68,22.99,4390004.0,0.0
HVN,2017-03-01,22.99,23.45,22.4,22.86,2181891.0,0.0
HVN,2017-03-02,22.99,23.38,22.53,22.79,1199643.0,0.0
HVN,2017-03-03,22.93,23.52,21.94,22.33,1844220.0,0.0
HVN,2017-03-06,22.33,22.33,21.22,21.28,2226822.0,0.0
HVN,2017-03-07,21.22,22.66,20.03,21.28,1606464.0,0.0
HVN,2017-03-08,21.22,22.33,21.02,22.01,850130.0,0.0
HVN,2017-03-09,22.01,22.27,21.41,21.55,697404.0,0.0
HVN,2017-03-10,21.41,21.68,20.95,21.15,1113605.0,0.0
HVN,2017-03-13,21.15,21.15,20.49,20.56,1126914.0,0.0
HVN,2017-03-14,20.63,20.63,19.97,20.1,1815647.0,0.0
HVN,2017-03-15,20.17,20.23,19.18,19.51,1514931.0,0.0
HVN,2017-03-16,19.05,20.3,19.05,20.23,837681.0,0.0
HVN,2017-03-17,20.17,20.82,20.03,20.3,888349.0,0.0
HVN,2017-03-20,20.49,20.49,19.84,20.3,722569.0,0.0
HVN,2017-03-21,20.1,20.56,20.03,20.3,707840.0,0.0
HVN,2017-03-22,20.3,20.56,20.1,20.17,801100.0,0.0
HVN,2017-03-23,20.23,20.23,19.71,19.97,723036.0,0.0
HVN,2017-03-24,19.97,20.23,19.84,20.03,515510.0,0.0
HVN,2017-03-27,19.97,19.97,19.64,19.77,714416.0,0.0
HVN,2017-03-28,19.77,19.77,19.31,19.51,670572.0,0.0
HVN,2017-03-29,19.57,19.64,18.98,19.05,981159.0,0.0
HVN,2017-03-30,19.18,19.18,18.33,18.59,1083200.0,0.0
HVN,2017-03-31,18.59,18.98,18.0,18.52,743160.0,0.0
HVN,2017-04-03,18.46,19.64,18.46,19.05,787730.0,0.0
HVN,2017-04-04,19.12,19.12,18.52,18.52,462781.0,0.0
HVN,2017-04-05,18.52,18.59,18.39,18.46,384033.0,0.0
HVN,2017-04-07,18.72,18.72,17.87,17.93,617184.0,0.0
HVN,2017-04-10,18.33,18.33,17.08,17.14,1163704.0,0.0
HVN,2017-04-11,17.14,17.14,16.68,16.75,643281.0,0.0
HVN,2017-04-12,16.68,16.88,16.22,16.29,707577.0,0.0
HVN,2017-04-13,16.29,17.01,15.9,16.49,704977.0,0.0
HVN,2017-04-14,16.49,16.75,16.42,16.62,265111.0,0.0
HVN,2017-04-17,16.75,18.0,16.75,17.41,856975.0,0.0
HVN,2017-04-18,17.47,18.0,17.21,17.87,807280.0,0.0
HVN,2017-04-19,17.87,18.39,17.87,18.26,688810.0,0.0
HVN,2017-04-20,18.26,18.33,17.74,17.87,354266.0,0.0
HVN,2017-04-21,17.87,17.87,17.21,17.28,514320.0,0.0
HVN,2017-04-24,17.47,17.47,16.68,16.68,694551.0,0.0
HVN,2017-04-25,16.75,17.14,16.62,16.82,297319.0,0.0
HVN,2017-04-26,16.88,17.28,16.88,17.14,311740.0,0.0
HVN,2017-04-27,17.21,17.28,16.88,17.01,251207.0,0.0
HVN,2017-04-28,17.08,17.14,16.82,16.95,287002.0,0.0
HVN,2017-05-03,17.08,17.21,16.95,17.01,331400.0,0.0
HVN,2017-05-04,17.01,17.14,16.88,17.08,395410.0,0.0
HVN,2017-05-05,17.14,17.14,16.88,16.88,249106.0,0.0
HVN,2017-05-08,17.08,17.67,17.08,17.47,799336.0,0.0
HVN,2017-05-09,17.6,17.6,17.28,17.34,430956.0,0.0
HVN,2017-05-10,17.34,17.74,17.14,17.67,794571.0,0.0
HVN,2017-05-11,17.6,18.72,17.6,18.46,1031512.0,0.0
HVN,2017-05-12,18.52,19.44,18.52,19.05,1075746.0,0.0
HVN,2017-05-15,18.59,19.12,18.59,18.72,734980.0,0.0
HVN,2017-05-16,18.66,18.72,18.26,18.52,1031675.0,0.0
HVN,2017-05-17,18.39,18.79,18.33,18.39,401570.0,0.0
HVN,2017-05-18,18.39,18.66,18.2,18.39,562076.0,0.0
HVN,2017-05-19,18.39,18.46,18.06,18.13,377214.0,0.0
HVN,2017-05-22,18.2,18.33,18.13,18.2,355166.0,0.0
HVN,2017-05-23,18.2,18.33,17.54,17.67,600933.0,0.0
HVN,2017-05-24,17.21,17.67,17.21,17.41,501970.0,0.0
HVN,2017-05-25,17.41,17.8,17.41,17.67,198959.0,0.0
HVN,2017-05-26,17.67,17.74,17.34,17.54,211820.0,0.0
HVN,2017-05-29,17.41,17.6,17.41,17.54,241491.0,0.0
HVN,2017-05-30,17.34,17.54,17.28,17.34,337461.0,0.0
HVN,2017-05-31,17.41,17.41,17.28,17.28,263491.0,0.0
HVN,2017-06-01,17.34,17.74,17.34,17.54,326857.0,0.0
HVN,2017-06-02,17.54,17.6,17.41,17.47,136437.0,0.0
HVN,2017-06-05,17.34,17.6,17.34,17.54,263050.0,0.0
HVN,2017-06-06,17.54,17.6,17.41,17.41,257036.0,0.0
HVN,2017-06-07,17.47,17.54,17.41,17.47,238549.0,0.0
HVN,2017-06-08,17.6,18.39,17.54,18.39,875732.0,0.0
HVN,2017-06-09,18.13,18.66,18.0,18.06,372451.0,0.0
HVN,2017-06-12,17.93,18.06,17.34,17.67,473895.0,0.0
HVN,2017-06-13,17.67,17.93,17.54,17.6,365658.0,0.0
HVN,2017-06-14,17.67,17.87,17.54,17.6,230554.0,0.0
HVN,2017-06-15,17.54,17.74,17.41,17.54,246495.0,0.0
HVN,2017-06-16,17.54,18.0,17.47,17.87,241990.0,0.0
HVN,2017-06-19,17.6,17.8,17.6,17.67,184599.0,0.0
HVN,2017-06-20,17.54,17.87,17.54,17.67,422340.0,0.0
HVN,2017-06-21,17.74,17.74,17.47,17.47,319507.0,0.0
HVN,2017-06-22,17.54,17.74,17.54,17.67,307832.0,0.0
HVN,2017-06-23,17.67,17.74,17.54,17.54,239681.0,0.0
HVN,2017-06-26,17.6,17.67,17.41,17.54,294021.0,0.0
HVN,2017-06-27,17.54,17.6,17.41,17.47,268444.0,0.0
HVN,2017-06-28,17.47,17.54,17.34,17.54,380320.0,0.0
HVN,2017-06-29,17.47,17.54,17.41,17.47,107000.0,0.0
HVN,2017-06-30,17.47,17.47,17.41,17.47,355273.0,0.0
HVN,2017-07-03,17.47,17.54,17.41,17.47,229820.0,0.0
HVN,2017-07-04,16.42,18.0,16.42,17.74,577823.0,0.0
HVN,2017-07-05,17.74,17.74,17.54,17.54,145483.0,0.0
HVN,2017-07-06,17.54,17.6,17.41,17.47,246225.0,0.0
HVN,2017-07-07,17.47,17.47,17.08,17.41,622576.0,0.0
HVN,2017-07-10,17.34,17.41,17.21,17.34,389680.0,0.0
HVN,2017-07-11,17.34,17.41,17.28,17.41,432320.0,0.0
HVN,2017-07-12,17.47,17.47,17.41,17.41,296501.0,0.0
HVN,2017-07-13,17.41,17.54,17.41,17.41,172620.0,0.0
HVN,2017-07-14,17.41,17.47,17.41,17.41,236179.0,0.0
HVN,2017-07-17,17.47,17.47,17.28,17.41,319680.0,0.0
HVN,2017-07-18,17.41,17.41,17.21,17.34,277634.0,0.0
HVN,2017-07-19,17.34,17.34,17.21,17.28,254920.0,0.0
HVN,2017-07-20,17.28,17.34,17.14,17.14,149203.0,0.0
HVN,2017-07-21,17.14,17.21,17.01,17.14,270100.0,0.0
HVN,2017-07-24,17.28,17.41,17.01,17.28,173887.0,0.0
HVN,2017-07-25,17.08,17.47,17.08,17.28,164348.0,0.0
HVN,2017-07-26,17.14,17.41,17.14,17.34,232624.0,0.0
HVN,2017-07-27,17.34,17.41,17.28,17.34,146910.0,0.0
HVN,2017-07-28,17.28,17.34,17.14,17.21,100290.0,0.0
HVN,2017-07-31,17.34,17.34,17.14,17.14,90730.0,0.0
HVN,2017-08-01,17.21,17.34,17.08,17.21,79352.0,0.0
HVN,2017-08-02,17.14,17.14,17.01,17.08,170240.0,0.0
HVN,2017-08-03,17.08,17.08,16.68,16.75,577120.0,0.0
HVN,2017-08-04,16.75,16.95,16.68,16.82,77340.0,0.0
HVN,2017-08-07,16.82,17.01,16.75,17.01,149962.0,0.0
HVN,2017-08-08,16.95,17.01,16.68,16.82,158350.0,0.0
HVN,2017-08-09,16.82,16.82,16.49,16.62,187750.0,0.0
HVN,2017-08-10,16.68,16.68,16.42,16.55,171695.0,0.0
HVN,2017-08-11,16.55,16.55,16.42,16.49,87100.0,0.0
HVN,2017-08-14,16.55,16.55,16.42,16.49,82690.0,0.0
HVN,2017-08-15,16.49,16.55,16.42,16.42,64852.0,0.0
HVN,2017-08-16,16.49,16.49,16.36,16.42,86691.0,0.0
HVN,2017-08-17,16.42,16.42,16.22,16.29,96266.0,0.0
HVN,2017-08-18,16.29,16.36,16.16,16.29,131630.0,0.0
HVN,2017-08-21,16.29,16.42,16.29,16.36,80109.0,0.0
HVN,2017-08-22,16.42,16.49,16.36,16.36,75372.0,0.0
HVN,2017-08-23,16.42,16.42,16.29,16.36,68770.0,0.0
HVN,2017-08-24,16.29,16.36,16.29,16.36,58650.0,0.0
HVN,2017-08-25,16.29,16.29,16.16,16.29,115120.0,0.0
HVN,2017-08-28,16.22,16.29,16.09,16.16,164730.0,0.0
HVN,2017-08-29,16.16,16.16,16.09,16.16,85700.0,0.0
HVN,2017-08-30,16.22,16.62,16.16,16.49,222041.0,0.0
HVN,2017-08-31,16.69,17.03,16.56,16.69,142980.0,0.0
HVN,2017-09-01,16.76,16.76,16.49,16.62,39400.0,0.0
HVN,2017-09-05,16.56,16.62,16.42,16.56,52900.0,0.0
HVN,2017-09-06,16.62,16.62,16.42,16.56,162890.0,0.0
HVN,2017-09-07,16.49,16.62,16.49,16.56,46660.0,0.0
HVN,2017-09-08,16.56,16.62,16.56,16.56,117506.0,0.0
HVN,2017-09-11,16.62,16.62,16.56,16.56,145989.0,0.0
HVN,2017-09-12,16.56,16.56,16.49,16.56,278640.0,0.0
HVN,2017-09-13,16.62,16.62,16.49,16.56,155813.0,0.0
HVN,2017-09-14,16.49,16.62,16.49,16.62,156738.0,0.0
HVN,2017-09-15,16.56,16.62,16.49,16.62,67220.0,0.0
HVN,2017-09-18,16.62,17.5,16.62,17.23,338724.0,0.0
HVN,2017-09-19,17.23,17.23,16.96,17.09,40999.0,0.0
HVN,2017-09-20,16.83,17.3,16.83,17.09,73200.0,0.0
HVN,2017-09-21,17.16,17.3,17.09,17.09,131112.0,0.0
HVN,2017-09-22,17.16,17.3,16.83,17.16,181480.0,0.0
HVN,2017-09-25,17.16,17.9,16.83,17.63,530450.0,0.0
HVN,2017-09-26,17.63,17.7,17.36,17.43,184932.0,0.0
HVN,2017-09-27,17.5,17.5,17.3,17.36,101051.0,0.0
HVN,2017-09-28,17.23,17.3,16.83,16.89,238330.0,0.0
HVN,2017-09-29,17.16,17.23,16.89,17.03,138144.0,0.0
HVN,2017-10-02,17.5,18.84,17.23,18.04,733396.0,0.0
HVN,2017-10-03,17.57,18.04,17.57,17.7,350010.0,0.0
HVN,2017-10-04,17.7,18.78,17.57,18.64,747635.0,0.0
HVN,2017-10-05,18.58,19.32,18.51,18.58,837821.0,0.0
HVN,2017-10-06,18.71,19.11,18.58,18.84,513490.0,0.0
HVN,2017-10-09,18.91,19.25,18.78,18.91,495507.0,0.0
HVN,2017-10-10,18.98,18.98,18.44,18.51,569943.0,0.0
HVN,2017-10-11,18.64,19.38,18.31,19.11,1020619.0,0.0
HVN,2017-10-12,19.38,20.06,19.18,20.06,1465673.0,0.0
HVN,2017-10-13,19.99,20.53,19.85,19.92,576064.0,0.0
HVN,2017-10-16,20.12,20.19,19.79,19.85,579401.0,0.0
HVN,2017-10-17,19.79,20.46,19.79,20.06,631609.0,0.0
HVN,2017-10-18,20.19,20.19,19.65,19.72,698570.0,0.0
HVN,2017-10-19,19.72,19.72,19.32,19.52,797220.0,0.0
HVN,2017-10-20,19.25,19.72,19.25,19.52,327110.0,0.0
HVN,2017-10-23,19.59,19.59,18.44,18.64,434019.0,0.0
HVN,2017-10-24,18.71,18.84,18.51,18.64,228613.0,0.0
HVN,2017-10-25,18.71,19.18,18.71,19.18,236503.0,0.0
HVN,2017-10-26,19.18,19.18,18.51,18.84,222241.0,0.0
HVN,2017-10-27,19.05,19.05,18.64,18.71,106830.0,0.0
HVN,2017-10-30,18.51,18.91,17.9,18.1,446345.0,0.0
HVN,2017-10-31,18.17,18.24,17.63,17.97,309685.0,0.0
HVN,2017-11-01,18.17,18.31,17.77,17.84,147636.0,0.0
HVN,2017-11-02,17.9,18.17,17.63,17.84,178899.0,0.0
HVN,2017-11-03,17.97,18.51,17.97,18.31,250020.0,0.0
HVN,2017-11-06,18.51,18.71,18.24,18.44,234630.0,0.0
HVN,2017-11-07,18.51,18.84,18.44,18.58,172055.0,0.0
HVN,2017-11-08,18.58,18.58,18.17,18.44,225670.0,0.0
HVN,2017-11-09,18.31,18.44,18.17,18.24,179117.0,0.0
HVN,2017-11-10,18.24,19.79,18.24,19.45,1173356.0,0.0
HVN,2017-11-13,19.52,20.39,19.52,19.85,659063.0,0.0
HVN,2017-11-14,20.19,20.19,19.52,19.59,435673.0,0.0
HVN,2017-11-15,19.72,19.72,19.11,19.25,594308.0,0.0
HVN,2017-11-16,19.32,19.99,19.18,19.92,900298.0,0.0
HVN,2017-11-17,19.79,20.12,19.59,19.72,631651.0,0.0
HVN,2017-11-20,19.85,20.12,19.72,19.85,389281.0,0.0
HVN,2017-11-21,19.79,21.13,19.72,20.53,1405929.0,0.0
HVN,2017-11-22,20.66,22.82,20.53,22.55,2575987.0,0.0
HVN,2017-11-23,22.55,23.22,21.54,22.21,1099305.0,0.0
HVN,2017-11-24,22.21,22.41,21.74,22.21,760832.0,0.0
HVN,2017-11-27,22.14,23.56,22.08,23.35,1471607.0,0.0
HVN,2017-11-28,23.49,23.56,22.61,22.75,1001471.0,0.0
HVN,2017-11-29,22.82,23.42,22.75,23.29,620531.0,0.0
HVN,2017-11-30,23.29,24.83,23.15,24.36,1504596.0,0.0
HVN,2017-12-01,24.16,25.71,24.16,25.64,1584385.0,0.0
HVN,2017-12-04,25.78,27.06,25.78,27.06,1481041.0,0.0
HVN,2017-12-05,27.19,28.13,25.58,25.98,2036241.0,0.0
HVN,2017-12-06,26.05,26.45,25.1,25.64,1920370.0,0.0
HVN,2017-12-07,25.64,26.32,25.58,26.05,731029.0,0.0
HVN,2017-12-08,26.18,26.18,25.24,25.37,746766.0,0.0
HVN,2017-12-11,25.58,25.58,23.56,23.69,1325148.0,0.0
HVN,2017-12-12,23.02,24.57,22.21,24.03,1067529.0,0.0
HVN,2017-12-13,24.03,24.36,23.22,23.89,627851.0,0.0
HVN,2017-12-14,23.89,25.58,23.76,25.44,1075163.0,0.0
HVN,2017-12-15,25.44,25.98,25.37,25.78,941089.0,0.0
HVN,2017-12-18,25.71,26.79,25.71,26.18,914930.0,0.0
HVN,2017-12-19,26.25,26.25,25.37,25.51,1043120.0,0.0
HVN,2017-12-20,25.51,26.38,25.31,25.98,895360.0,0.0
HVN,2017-12-21,26.25,26.65,25.91,26.18,700915.0,0.0
HVN,2017-12-22,26.25,26.25,25.37,25.58,849415.0,0.0
HVN,2017-12-25,25.64,25.98,25.37,25.64,383950.0,0.0
HVN,2017-12-26,25.64,27.8,25.58,27.73,2547080.0,0.0
HVN,2017-12-27,27.8,28.6,27.59,28.4,1453096.0,0.0
HVN,2017-12-28,28.47,29.48,28.47,29.28,1240763.0,0.0
HVN,2017-12-29,29.21,29.34,28.54,29.07,1403091.0,0.0
HVN,2018-01-02,29.01,31.77,28.94,31.5,1536453.0,0.0
HVN,2018-01-03,31.5,32.64,29.82,30.96,2153279.0,0.0
HVN,2018-01-04,30.62,32.1,30.56,31.57,1397180.0,0.0
HVN,2018-01-05,31.3,32.64,31.3,32.24,1335299.0,0.0
HVN,2018-01-08,32.17,34.32,32.1,34.26,1695283.0,0.0
HVN,2018-01-09,34.26,35.2,33.72,34.32,1597691.0,0.0
HVN,2018-01-10,34.66,34.66,32.78,33.18,1861371.0,0.0
HVN,2018-01-11,33.18,34.32,32.37,34.12,1322935.0,0.0
HVN,2018-01-12,34.26,35.67,33.99,34.53,1021552.0,0.0
HVN,2018-01-15,34.32,35.0,34.32,35.0,951914.0,0.0
HVN,2018-01-16,35.0,35.6,34.73,35.4,1154825.0,0.0
HVN,2018-01-17,35.33,36.61,35.33,35.67,1733229.0,0.0
HVN,2018-01-18,36.01,36.01,34.26,35.54,1590981.0,0.0
HVN,2018-01-19,35.33,39.64,35.27,38.16,2350353.0,0.0
HVN,2018-01-22,37.82,42.87,37.82,42.87,3011445.0,2340310.0
HVN,2018-01-23,43.41,47.04,43.07,45.29,2455609.0,1268864.0
HVN,2018-01-24,45.29,45.77,42.74,43.21,2076432.0,701450.0
HVN,2018-01-25,43.55,45.23,42.33,42.8,2344305.0,1028234.0
HVN,2018-01-26,42.87,43.75,41.39,41.73,2179883.0,719494.0
HVN,2018-01-29,40.05,43.07,40.05,41.05,1507535.0,591620.0
HVN,2018-01-30,40.38,41.19,39.37,39.71,2202371.0,819989.0
HVN,2018-01-31,39.71,39.98,36.01,36.21,3097150.0,874582.0
HVN,2018-02-01,36.21,37.62,33.31,34.46,2430906.0,880100.0
HVN,2018-02-02,35.0,36.01,33.58,35.81,2551448.0,951065.0
HVN,2018-02-05,35.81,36.14,32.98,33.58,2133156.0,644156.0
HVN,2018-02-06,33.31,33.31,29.75,30.62,2770837.0,632290.0
HVN,2018-02-07,30.96,34.32,30.96,33.99,2381296.0,1048823.0
HVN,2018-02-08,33.58,34.93,31.03,31.36,1412300.0,316995.0
HVN,2018-02-09,30.29,31.3,27.46,31.3,1433769.0,786200.0
HVN,2018-02-12,30.96,33.65,30.96,33.58,727541.0,426396.0
HVN,2018-02-13,33.58,35.67,33.58,35.67,1390941.0,825951.0
HVN,2018-02-21,36.34,37.42,35.67,36.95,1113547.0,545325.0
HVN,2018-02-22,37.08,37.08,34.53,35.0,1253519.0,501693.0
HVN,2018-02-23,35.0,36.14,34.66,35.6,1074223.0,573018.0
HVN,2018-02-26,35.67,36.68,35.27,35.54,1126366.0,519601.0
HVN,2018-02-27,35.81,39.04,35.47,38.77,3664154.0,2485473.0
HVN,2018-02-28,39.04,39.57,38.09,38.9,1581591.0,779695.0
HVN,2018-03-01,38.77,39.37,38.16,38.56,1373626.0,499453.0
HVN,2018-03-02,38.36,38.36,37.02,38.3,1308865.0,596162.0
HVN,2018-03-05,38.09,39.37,36.28,36.34,1523671.0,543061.0
HVN,2018-03-06,37.22,37.76,36.41,37.62,1149315.0,614195.0
HVN,2018-03-07,37.69,37.96,35.54,35.6,1449508.0,376233.0
HVN,2018-03-08,36.34,36.34,34.32,35.13,1337763.0,498550.0
HVN,2018-03-09,35.33,36.34,35.06,35.47,648087.0,271070.0
HVN,2018-03-12,35.67,36.14,34.93,35.13,685958.0,242350.0
HVN,2018-03-13,35.0,35.2,34.19,34.32,1845989.0,816605.0
HVN,2018-03-14,34.32,34.39,33.45,34.19,1633496.0,852310.0
HVN,2018-03-15,34.26,35.6,34.19,35.2,1384430.0,1009950.0
HVN,2018-03-16,35.33,36.01,35.0,35.13,1088980.0,526790.0
HVN,2018-03-19,35.13,35.13,33.99,34.06,1694054.0,566530.0
HVN,2018-03-20,34.19,34.46,32.17,32.37,3116500.0,1150722.0
HVN,2018-03-21,32.37,33.45,31.63,32.1,1557930.0,615932.0
HVN,2018-03-22,32.17,33.25,32.1,32.64,870574.0,355624.0
HVN,2018-03-23,32.64,32.64,30.29,31.57,1278764.0,561871.0
HVN,2018-03-26,31.03,32.17,30.96,31.7,638775.0,350286.0
HVN,2018-03-27,31.83,32.71,30.96,32.37,804364.0,390360.0
HVN,2018-03-28,32.37,32.37,31.83,32.17,449013.0,181590.0
HVN,2018-03-29,32.17,32.78,31.97,32.78,713517.0,869663.0
HVN,2018-03-30,32.57,33.65,32.51,33.45,859900.0,459200.0
HVN,2018-04-02,33.65,34.39,33.31,33.65,845500.0,486100.0
HVN,2018-04-03,33.65,33.72,32.78,32.98,955100.0,408400.0
HVN,2018-04-04,32.98,33.72,32.78,33.11,1182000.0,577700.0
HVN,2018-04-05,32.98,33.31,32.31,32.51,626300.0,141600.0
HVN,2018-04-06,32.64,33.18,32.51,32.71,780400.0,298300.0
HVN,2018-04-09,32.31,32.71,31.77,32.1,811800.0,272400.0
HVN,2018-04-10,32.1,33.45,31.57,32.64,977300.0,497100.0
HVN,2018-04-11,32.84,33.31,32.1,32.37,690600.0,216700.0
HVN,2018-04-12,32.31,32.64,31.97,32.17,587200.0,231600.0
HVN,2018-04-13,32.31,32.44,31.43,31.5,684600.0,186900.0
HVN,2018-04-16,31.36,31.57,30.76,30.96,586700.0,235100.0
HVN,2018-04-17,30.35,31.3,30.35,31.09,480600.0,239800.0
HVN,2018-04-18,31.63,32.71,30.96,31.3,872500.0,393000.0
HVN,2018-04-19,33.65,34.55,31.62,31.77,755000.0,249400.0
HVN,2018-04-20,31.62,32.14,31.32,31.99,367100.0,163100.0
HVN,2018-04-23,32.07,32.44,29.06,29.36,514500.0,112200.0
HVN,2018-04-24,29.36,30.04,28.23,28.53,848100.0,249300.0
HVN,2018-04-26,28.68,28.83,25.44,25.97,1478000.0,637100.0
HVN,2018-04-27,26.42,28.53,25.97,28.3,756900.0,499400.0
HVN,2018-05-02,28.3,28.98,27.85,28.0,539600.0,254800.0
HVN,2018-05-03,28.23,28.23,26.35,27.63,524300.0,213800.0
HVN,2018-05-04,27.78,28.23,27.55,27.85,344300.0,185500.0
HVN,2018-05-07,28.91,30.19,28.08,29.28,368500.0,253800.0
HVN,2018-05-08,29.36,29.73,28.98,28.98,351300.0,140600.0
HVN,2018-05-09,29.28,29.28,28.61,29.21,337200.0,172500.0
HVN,2018-05-10,29.21,29.21,27.85,27.85,497000.0,89700.0
HVN,2018-05-11,28.23,28.61,27.48,28.53,324400.0,165900.0
HVN,2018-05-14,28.3,28.76,28.0,28.68,267100.0,198300.0
HVN,2018-05-15,28.68,28.98,28.53,28.83,302500.0,188200.0
HVN,2018-05-16,28.76,28.76,28.23,28.3,282600.0,118600.0
HVN,2018-05-17,30.11,30.11,27.78,27.93,252200.0,86600.0
HVN,2018-05-18,28.0,28.0,26.5,27.18,668300.0,287900.0
HVN,2018-05-21,27.7,27.7,26.5,26.72,195500.0,56300.0
HVN,2018-05-22,26.72,26.72,24.31,24.84,557100.0,248100.0
HVN,2018-05-23,21.68,25.22,21.68,24.69,466400.0,173700.0
HVN,2018-05-24,24.84,25.29,23.94,24.09,338400.0,121300.0
HVN,2018-05-25,24.47,24.47,22.96,23.03,324700.0,84300.0
HVN,2018-05-28,22.66,23.34,20.48,21.08,925800.0,412400.0
HVN,2018-05-29,21.08,23.71,20.32,23.26,555800.0,434200.0
HVN,2018-05-30,23.26,23.26,22.43,22.88,283200.0,130800.0
HVN,2018-05-31,23.28,23.74,22.73,23.58,420200.0,279400.0
HVN,2018-06-01,23.43,25.29,23.28,24.67,512300.0,317100.0
HVN,2018-06-04,24.74,25.59,24.13,25.52,513300.0,289500.0
HVN,2018-06-05,25.52,26.14,25.36,25.59,404500.0,155800.0
HVN,2018-06-06,25.67,25.75,25.05,25.59,357400.0,178600.0
HVN,2018-06-07,25.59,28.15,25.36,27.84,1122100.0,804200.0
HVN,2018-06-08,27.22,29.15,27.22,28.77,805800.0,420600.0
HVN,2018-06-11,28.61,29.0,27.91,27.91,576700.0,191000.0
HVN,2018-06-12,28.15,28.15,26.21,27.22,957100.0,386000.0
HVN,2018-06-13,26.91,28.07,26.75,27.45,761600.0,301600.0
HVN,2018-06-14,27.45,27.45,26.29,26.6,492000.0,101300.0
HVN,2018-06-15,26.83,27.53,26.29,27.22,395900.0,249100.0
HVN,2018-06-18,27.37,27.37,25.9,26.52,399300.0,175800.0
HVN,2018-06-19,26.29,26.29,24.74,25.9,753800.0,317800.0
HVN,2018-06-20,25.9,26.99,25.36,26.52,292000.0,169600.0
HVN,2018-06-21,26.45,26.52,25.83,25.98,190200.0,69300.0
HVN,2018-06-22,25.52,26.45,25.52,26.45,217800.0,164300.0
HVN,2018-06-25,26.29,26.83,26.29,26.6,273300.0,163000.0
HVN,2018-06-26,26.68,26.68,25.9,26.29,118500.0,40600.0
HVN,2018-06-27,26.29,26.45,25.98,25.98,269500.0,71300.0
HVN,2018-06-28,25.9,26.14,25.59,25.83,294300.0,128300.0
HVN,2018-06-29,25.9,26.14,25.52,25.75,270500.0,128200.0
HVN,2018-07-02,25.75,25.75,23.97,24.36,470200.0,128800.0
HVN,2018-07-03,24.36,24.74,22.97,23.2,314900.0,109800.0
HVN,2018-07-04,23.2,23.51,22.58,23.35,416300.0,215800.0
HVN,2018-07-05,23.2,23.43,22.42,22.58,279700.0,89400.0
HVN,2018-07-06,22.58,23.58,21.65,23.2,583300.0,365400.0
HVN,2018-07-09,23.2,23.74,23.04,23.12,198800.0,95300.0
HVN,2018-07-10,23.58,23.74,23.2,23.35,113600.0,58000.0
HVN,2018-07-11,22.97,23.43,22.97,23.12,381500.0,200100.0
HVN,2018-07-12,23.2,23.2,22.81,23.04,71200.0,29800.0
HVN,2018-07-13,23.43,23.74,23.35,23.66,258500.0,208000.0
HVN,2018-07-16,23.82,23.97,23.43,23.51,145500.0,61100.0
HVN,2018-07-17,23.89,23.97,23.2,23.66,253500.0,139700.0
HVN,2018-07-18,23.51,24.98,23.51,24.9,396900.0,291500.0
HVN,2018-07-19,24.9,25.52,24.51,25.52,425800.0,293700.0
HVN,2018-07-20,25.52,26.14,25.13,25.52,542800.0,293200.0
HVN,2018-07-23,25.67,25.75,24.9,24.9,345500.0,92700.0
HVN,2018-07-24,24.74,24.9,24.36,24.67,200700.0,91600.0
HVN,2018-07-25,24.67,25.13,24.43,24.9,522800.0,239400.0
HVN,2018-07-26,24.74,24.9,24.59,24.9,274200.0,139000.0
HVN,2018-07-27,24.82,26.68,24.82,26.6,1454700.0,1008600.0
HVN,2018-07-30,26.68,28.77,26.68,28.38,1139300.0,591900.0
HVN,2018-07-31,28.22,28.38,27.45,27.99,773800.0,414500.0
HVN,2018-08-01,28.22,29.69,27.61,28.84,1254300.0,692600.0
HVN,2018-08-02,28.61,30.0,28.61,29.85,1423500.0,843100.0
HVN,2018-08-03,29.93,29.93,29.31,29.69,760900.0,378100.0
HVN,2018-08-06,29.69,29.69,28.77,28.84,750200.0,290900.0
HVN,2018-08-07,28.77,29.15,27.99,28.07,1029400.0,379200.0
HVN,2018-08-08,28.07,29.31,28.07,29.23,569700.0,399200.0
HVN,2018-08-09,29.38,29.77,28.61,29.07,688600.0,259600.0
HVN,2018-08-10,29.38,29.38,28.38,28.77,545300.0,246000.0
HVN,2018-08-13,28.77,29.23,28.46,28.53,954600.0,314200.0
HVN,2018-08-14,28.61,30.85,28.46,30.62,1868200.0,1205000.0
HVN,2018-08-15,30.78,31.32,29.77,29.85,1029300.0,333400.0
HVN,2018-08-16,30.16,30.47,29.38,30.39,982700.0,557200.0
HVN,2018-08-17,30.23,30.78,30.08,30.31,901900.0,444000.0
HVN,2018-08-20,30.39,31.7,30.39,31.16,1065600.0,552000.0
HVN,2018-08-21,31.24,31.55,30.54,30.93,871700.0,324100.0
HVN,2018-08-22,30.93,31.32,30.39,30.47,888700.0,319100.0
HVN,2018-08-23,30.62,30.62,30.0,30.16,914600.0,308800.0
HVN,2018-08-24,30.16,30.31,29.69,30.31,949900.0,451100.0
HVN,2018-08-27,29.93,30.62,29.93,30.08,645700.0,224900.0
HVN,2018-08-28,30.31,30.39,30.08,30.08,472800.0,182200.0
HVN,2018-08-29,30.23,30.31,29.77,30.0,540700.0,266600.0
HVN,2018-08-30,30.0,30.7,30.0,30.7,972500.0,609200.0
HVN,2018-08-31,30.62,31.24,30.62,30.78,1284000.0,590300.0
HVN,2018-09-04,30.93,30.93,29.93,30.16,554500.0,149800.0
HVN,2018-09-05,30.16,30.31,29.54,29.77,761700.0,265600.0
HVN,2018-09-06,29.85,29.85,28.46,28.61,1334600.0,381300.0
HVN,2018-09-07,28.61,29.31,28.61,29.23,410400.0,234400.0
HVN,2018-09-10,29.23,29.46,29.0,29.15,268800.0,140000.0
HVN,2018-09-11,29.23,29.85,28.92,29.85,561600.0,369200.0
HVN,2018-09-12,30.16,30.16,29.38,29.38,451400.0,106300.0
HVN,2018-09-13,29.69,29.85,29.07,29.15,627300.0,168600.0
HVN,2018-09-14,29.15,29.38,29.07,29.31,398200.0,193600.0
HVN,2018-09-17,29.31,29.31,29.0,29.0,220200.0,64800.0
HVN,2018-09-18,29.07,29.46,28.53,29.38,366500.0,236300.0
HVN,2018-09-19,29.38,29.77,29.23,29.38,411400.0,166300.0
HVN,2018-09-20,29.46,30.0,29.23,30.0,756900.0,509600.0
HVN,2018-09-21,30.16,30.85,29.93,30.47,1725000.0,984600.0
HVN,2018-09-24,30.47,32.09,30.31,31.94,2182500.0,1540600.0
HVN,2018-09-25,32.17,32.4,31.78,31.86,959500.0,380600.0
HVN,2018-09-26,32.09,32.09,31.47,31.55,1375600.0,558900.0
HVN,2018-09-27,31.78,31.78,31.16,31.47,1277800.0,525600.0
HVN,2018-09-28,31.7,32.24,31.39,31.94,1004300.0,631900.0
HVN,2018-10-01,31.86,32.63,31.47,31.7,903500.0,324600.0
HVN,2018-10-02,31.39,31.7,30.54,30.85,1546000.0,521800.0
HVN,2018-10-03,30.93,30.93,30.39,30.47,799400.0,257200.0
HVN,2018-10-04,30.62,31.16,30.47,30.85,418900.0,228600.0
HVN,2018-10-05,30.85,30.85,30.39,30.47,505800.0,171600.0
HVN,2018-10-08,30.62,30.62,29.46,29.54,839800.0,275300.0
HVN,2018-10-09,29.54,30.08,29.46,29.77,460100.0,214200.0
HVN,2018-10-10,29.77,30.0,29.38,29.69,306700.0,102100.0
HVN,2018-10-11,29.38,29.38,26.21,27.06,1581500.0,606500.0
HVN,2018-10-12,27.06,28.46,26.14,28.15,968800.0,560900.0
HVN,2018-10-15,27.84,28.15,27.37,27.53,451300.0,204700.0
HVN,2018-10-16,27.3,27.99,27.3,27.84,317400.0,200000.0
HVN,2018-10-17,28.22,28.53,27.91,27.91,333700.0,125500.0
HVN,2018-10-18,27.99,27.99,27.22,27.61,421100.0,91900.0
HVN,2018-10-19,27.45,27.61,26.68,27.53,387600.0,196600.0
HVN,2018-10-22,27.61,27.68,26.83,26.83,279500.0,74100.0
HVN,2018-10-23,27.22,27.22,25.52,26.37,548500.0,185400.0
HVN,2018-10-24,26.29,26.52,25.59,25.75,416000.0,149000.0
HVN,2018-10-25,25.9,25.9,24.28,25.21,651300.0,313100.0
HVN,2018-10-26,25.36,25.59,24.82,25.05,419600.0,173200.0
HVN,2018-10-29,25.05,25.13,24.59,24.74,227900.0,72800.0
HVN,2018-10-30,24.59,25.05,24.36,24.98,374900.0,202900.0
HVN,2018-10-31,25.05,25.9,25.05,25.9,404300.0,276800.0
HVN,2018-11-01,25.98,26.06,24.74,24.98,420200.0,114600.0
HVN,2018-11-02,25.13,25.52,24.74,25.44,485000.0,287800.0
HVN,2018-11-05,25.44,25.44,24.67,25.36,389700.0,117200.0
HVN,2018-11-06,25.36,25.67,24.98,25.21,318500.0,85700.0
HVN,2018-11-07,25.36,25.36,24.74,24.98,233200.0,87600.0
HVN,2018-11-08,25.05,25.75,25.05,25.59,584900.0,356000.0
HVN,2018-11-09,25.59,26.68,25.44,25.98,702900.0,371500.0
HVN,2018-11-12,25.98,26.06,25.29,25.44,324000.0,107600.0
HVN,2018-11-13,25.13,25.21,24.59,24.74,989500.0,534600.0
HVN,2018-11-14,23.97,24.98,23.82,24.05,521300.0,147200.0
HVN,2018-11-15,24.28,24.28,23.58,23.97,295800.0,80700.0
HVN,2018-11-16,24.2,24.59,24.13,24.28,237600.0,104100.0
HVN,2018-11-19,24.28,24.98,24.28,24.98,272600.0,170800.0
HVN,2018-11-20,23.97,24.67,21.03,24.43,197700.0,71400.0
HVN,2018-11-21,24.28,25.59,24.05,25.52,611000.0,465700.0
HVN,2018-11-22,25.52,25.67,25.13,25.29,294800.0,156800.0
HVN,2018-11-23,25.13,25.36,24.9,24.9,229300.0,88300.0
HVN,2018-11-26,24.98,25.75,24.74,25.52,514500.0,353200.0
HVN,2018-11-27,25.67,25.67,25.13,25.21,225000.0,89100.0
HVN,2018-11-28,25.36,25.59,25.21,25.36,150400.0,99800.0
HVN,2018-11-29,25.52,26.52,25.52,25.98,1189400.0,501000.0
HVN,2018-11-30,25.98,26.75,25.67,26.14,277000.0,152300.0
HVN,2018-12-03,26.29,26.99,26.06,26.83,516900.0,290500.0
HVN,2018-12-04,27.06,27.14,26.45,26.75,723500.0,324800.0
HVN,2018-12-05,26.45,26.68,26.14,26.52,397400.0,214900.0
HVN,2018-12-06,25.9,26.91,25.9,26.6,409400.0,190500.0
HVN,2018-12-07,26.68,27.3,26.52,26.99,570700.0,363400.0
HVN,2018-12-10,26.99,26.99,26.37,26.45,295000.0,69900.0
HVN,2018-12-11,26.68,26.68,26.14,26.29,248700.0,97100.0
HVN,2018-12-12,26.37,26.6,26.21,26.29,290200.0,106600.0
HVN,2018-12-13,26.45,27.37,26.21,26.75,512100.0,338700.0
HVN,2018-12-14,26.75,26.99,26.37,26.45,281000.0,88900.0
HVN,2018-12-17,26.52,26.52,25.52,25.52,361400.0,110900.0
HVN,2018-12-18,25.52,25.52,24.98,25.44,451800.0,168700.0
HVN,2018-12-19,25.67,25.75,25.21,25.67,182900.0,122800.0
HVN,2018-12-20,25.52,25.67,25.29,25.59,113600.0,56800.0
HVN,2018-12-21,25.44,25.52,25.21,25.36,237700.0,118100.0
HVN,2018-12-24,25.59,25.59,25.29,25.52,225100.0,112200.0
HVN,2018-12-25,24.82,25.05,24.13,24.74,363100.0,120700.0
HVN,2018-12-26,24.74,25.44,24.74,25.44,248700.0,161900.0
HVN,2018-12-27,25.83,25.9,25.52,25.59,157300.0,89500.0
HVN,2018-12-28,25.67,25.83,25.44,25.52,180600.0,91500.0
HVN,2019-01-02,25.59,28.07,25.59,27.61,1722000.0,1156700.0
HVN,2019-01-03,27.68,28.07,26.52,26.6,679000.0,245000.0
HVN,2019-01-04,26.6,27.06,26.29,26.91,471800.0,201100.0
HVN,2019-01-07,26.83,27.61,26.75,27.45,490100.0,253000.0
HVN,2019-01-08,27.3,27.53,27.06,27.45,607600.0,331600.0
HVN,2019-01-09,27.53,28.84,27.53,28.61,1718700.0,1151900.0
HVN,2019-01-10,28.53,29.0,28.3,28.69,608600.0,313300.0
HVN,2019-01-11,28.69,28.84,28.46,28.61,481900.0,224400.0
HVN,2019-01-14,28.61,28.61,28.07,28.22,482600.0,124500.0
HVN,2019-01-15,28.22,28.53,27.99,28.46,308400.0,162200.0
HVN,2019-01-16,28.61,29.0,28.46,28.77,497500.0,243200.0
HVN,2019-01-17,28.69,28.69,28.53,28.53,477300.0,148600.0
HVN,2019-01-18,28.61,28.61,27.76,27.84,541700.0,186000.0
HVN,2019-01-21,27.84,28.46,27.53,28.22,372900.0,204100.0
HVN,2019-01-22,28.22,29.38,28.07,29.15,1197400.0,843800.0
HVN,2019-01-23,28.84,29.69,28.84,29.23,571600.0,267500.0
HVN,2019-01-24,29.31,29.31,28.92,29.0,195000.0,82200.0
HVN,2019-01-25,28.92,29.0,28.61,28.77,435800.0,210000.0
HVN,2019-01-28,28.61,29.0,28.61,29.0,226500.0,123700.0
HVN,2019-01-29,28.92,29.38,28.69,29.15,357000.0,183300.0
HVN,2019-01-30,29.15,29.85,29.15,29.85,739500.0,504000.0
HVN,2019-01-31,30.0,30.47,29.77,30.23,853900.0,407400.0
HVN,2019-02-01,30.08,30.23,29.85,30.16,346100.0,232200.0
HVN,2019-02-11,30.16,30.85,30.16,30.78,404000.0,291300.0
HVN,2019-02-12,30.78,31.01,30.39,30.62,763200.0,368700.0
HVN,2019-02-13,30.54,32.09,30.54,31.7,1357500.0,830500.0
HVN,2019-02-14,31.7,31.86,31.39,31.39,492600.0,137900.0
HVN,2019-02-15,31.39,31.47,31.08,31.16,544000.0,207300.0
HVN,2019-02-18,31.16,31.55,30.7,31.32,757100.0,316100.0
HVN,2019-02-19,31.24,31.86,28.69,29.69,1860700.0,573800.0
HVN,2019-02-20,29.85,30.0,29.15,29.46,743500.0,384900.0
HVN,2019-02-21,29.46,30.16,29.31,30.16,628100.0,435200.0
HVN,2019-02-22,30.0,30.31,29.38,30.23,971800.0,586300.0
HVN,2019-02-25,30.08,30.78,29.77,29.93,649300.0,241400.0
HVN,2019-02-26,30.08,30.31,29.77,30.0,539100.0,238500.0
HVN,2019-02-27,30.0,31.32,30.0,31.08,1922800.0,1048600.0
HVN,2019-02-28,30.93,31.32,30.31,30.31,1050800.0,333400.0
HVN,2019-03-01,30.31,31.47,30.31,31.32,1223700.0,923400.0
HVN,2019-03-04,31.08,33.25,31.08,33.17,2149000.0,1506200.0
HVN,2019-03-05,33.25,33.25,32.71,32.94,1345500.0,598800.0
HVN,2019-03-06,32.09,33.1,32.09,32.79,812100.0,389100.0
HVN,2019-03-07,32.63,33.1,32.4,32.48,709900.0,206100.0
HVN,2019-03-08,32.48,32.48,31.39,31.55,1514400.0,579100.0
HVN,2019-03-11,31.47,31.94,31.24,31.55,819400.0,432700.0
HVN,2019-03-12,31.63,32.09,31.55,31.86,1430000.0,623600.0
HVN,2019-03-13,31.86,31.86,31.47,31.55,1122700.0,384200.0
HVN,2019-03-14,31.39,32.79,31.39,32.48,1506600.0,838700.0
HVN,2019-03-15,32.09,32.86,32.09,32.71,1284200.0,672700.0
HVN,2019-03-18,32.48,33.95,32.48,33.48,2216100.0,1164800.0
HVN,2019-03-19,33.56,33.71,32.48,32.63,1172000.0,318600.0
HVN,2019-03-20,32.55,32.79,32.01,32.71,926700.0,530400.0
HVN,2019-03-21,32.48,33.1,31.7,31.86,2195100.0,842700.0
HVN,2019-03-22,32.01,32.24,31.55,32.09,1007100.0,529900.0
HVN,2019-03-25,31.7,31.86,30.78,31.39,931100.0,423500.0
HVN,2019-03-26,31.39,31.7,31.08,31.32,480500.0,148300.0
HVN,2019-03-27,31.24,31.94,31.24,31.7,929900.0,557500.0
HVN,2019-03-28,31.63,31.78,31.39,31.7,295000.0,159100.0
HVN,2019-03-29,31.7,32.17,31.63,31.7,467300.0,230500.0
HVN,2019-04-01,32.01,32.01,31.63,31.63,484200.0,150700.0
HVN,2019-04-02,31.86,32.01,31.55,31.63,679600.0,185000.0
HVN,2019-04-03,31.7,31.7,31.24,31.39,393600.0,173000.0
HVN,2019-04-04,31.47,31.94,31.39,31.7,592400.0,172100.0
HVN,2019-04-05,31.7,31.94,31.47,31.7,306500.0,168300.0
HVN,2019-04-08,31.63,31.94,31.63,31.78,511300.0,310700.0
HVN,2019-04-09,31.86,31.94,31.16,31.16,893100.0,252200.0
HVN,2019-04-10,31.32,31.39,30.31,30.54,1038200.0,427600.0
HVN,2019-04-11,30.7,30.7,30.0,30.23,687100.0,193900.0
HVN,2019-04-12,30.16,31.7,29.77,31.63,1171800.0,789700.0
HVN,2019-04-16,31.63,32.09,31.16,31.86,1075500.0,469500.0
HVN,2019-04-17,31.7,31.86,31.08,31.24,669700.0,218400.0
HVN,2019-04-18,31.39,31.39,30.78,31.08,634400.0,288000.0
HVN,2019-04-19,31.16,31.63,30.85,31.39,712400.0,361200.0
HVN,2019-04-22,31.39,31.63,31.08,31.16,652800.0,206600.0
HVN,2019-05-07,32.01,32.86,31.32,31.32,1255680.0,499090.0
HVN,2019-05-08,30.93,30.93,30.39,30.43,514730.0,118230.0
HVN,2019-05-09,30.85,30.85,30.2,30.27,332280.0,120580.0
HVN,2019-05-10,30.27,30.66,29.81,30.23,545760.0,218070.0
HVN,2019-05-13,30.16,31.28,29.77,31.01,759280.0,492750.0
HVN,2019-05-14,30.7,31.86,30.62,31.86,963990.0,600330.0
HVN,2019-05-15,31.94,32.24,31.55,31.55,654310.0,321200.0
HVN,2019-05-16,31.55,31.7,31.39,31.39,271190.0,75370.0
HVN,2019-05-17,31.63,31.86,31.36,31.39,516050.0,217110.0
HVN,2019-05-20,31.39,31.9,31.39,31.82,839280.0,637790.0
HVN,2019-05-21,32.01,32.82,32.01,32.71,2206220.0,1166890.0
HVN,2019-05-22,32.79,33.44,32.55,32.94,1690050.0,915640.0
HVN,2019-05-23,32.94,33.1,32.79,33.1,830590.0,347220.0
HVN,2019-05-24,33.1,33.48,32.79,33.13,1508050.0,770420.0
HVN,2019-05-27,33.13,33.56,32.98,33.56,785510.0,531480.0
HVN,2019-05-28,33.87,34.8,33.79,34.8,1946040.0,1424260.0
HVN,2019-05-29,34.8,34.8,33.95,34.33,1069250.0,402800.0
HVN,2019-05-30,34.49,35.03,34.02,34.68,1309010.0,788050.0
HVN,2019-05-31,34.8,35.08,34.36,34.36,1401520.0,542720.0
HVN,2019-06-03,34.01,34.01,32.51,32.51,1032910.0,295940.0
HVN,2019-06-04,33.14,33.14,32.51,32.78,566630.0,231950.0
HVN,2019-06-05,33.53,33.53,32.9,33.22,463030.0,221550.0
HVN,2019-06-06,33.14,33.18,32.62,32.82,354600.0,105700.0
HVN,2019-06-07,33.22,34.17,32.98,34.17,1115580.0,804630.0
HVN,2019-06-10,34.48,34.48,34.05,34.21,690310.0,305120.0
HVN,2019-06-11,34.21,34.56,34.01,34.25,769000.0,482080.0
HVN,2019-06-12,34.25,34.64,34.17,34.32,846880.0,345970.0
HVN,2019-06-13,34.21,34.32,33.34,33.34,725360.0,204030.0
HVN,2019-06-14,33.34,33.85,33.14,33.81,519420.0,300590.0
HVN,2019-06-17,33.69,33.97,33.02,33.38,513740.0,146130.0
HVN,2019-06-18,33.53,33.61,33.18,33.61,309680.0,149360.0
HVN,2019-06-19,34.01,34.36,33.77,33.89,580300.0,266920.0
HVN,2019-06-20,33.89,34.56,33.89,34.48,1009120.0,682540.0
HVN,2019-06-21,34.72,34.72,33.93,34.17,757270.0,284490.0
HVN,2019-06-24,34.32,34.32,33.89,33.93,498780.0,180960.0
HVN,2019-06-25,33.93,33.93,33.38,33.38,1131940.0,364490.0
HVN,2019-06-26,33.3,33.38,32.86,32.86,1139200.0,254660.0
HVN,2019-06-27,33.06,33.14,32.58,32.58,822260.0,275080.0
HVN,2019-06-28,32.58,33.22,32.58,33.22,662860.0,359070.0
HVN,2019-07-01,33.49,33.53,33.14,33.22,296100.0,117580.0
HVN,2019-07-02,33.45,33.45,33.06,33.22,296650.0,155130.0
HVN,2019-07-03,33.22,33.22,32.98,33.06,225240.0,98400.0
HVN,2019-07-04,33.22,33.49,33.22,33.45,467430.0,259740.0
HVN,2019-07-05,33.53,33.57,33.34,33.38,466800.0,152170.0
HVN,2019-07-08,33.26,33.93,33.18,33.93,850800.0,432150.0
HVN,2019-07-09,33.93,34.01,33.69,33.85,489360.0,158080.0
HVN,2019-07-10,33.81,34.52,33.81,34.21,1895640.0,1074460.0
HVN,2019-07-11,34.4,34.64,34.05,34.56,1048620.0,671100.0
HVN,2019-07-12,34.52,35.04,34.44,34.72,1585470.0,837010.0
HVN,2019-07-15,34.72,34.72,34.52,34.6,584740.0,270580.0
HVN,2019-07-16,34.68,35.04,33.06,33.3,3059790.0,1168550.0
HVN,2019-07-17,33.3,33.73,33.06,33.61,1039330.0,858380.0
HVN,2019-07-18,33.3,33.69,33.3,33.61,397910.0,172440.0
HVN,2019-07-19,33.61,33.61,33.18,33.26,718570.0,193550.0
HVN,2019-07-22,33.22,33.61,33.18,33.22,553500.0,220410.0
HVN,2019-07-23,33.22,34.01,33.22,33.77,716430.0,503830.0
HVN,2019-07-24,33.85,33.93,33.61,33.61,605350.0,288290.0
HVN,2019-07-25,33.45,33.89,33.45,33.85,462160.0,264960.0
HVN,2019-07-26,33.93,33.93,33.69,33.81,421020.0,227090.0
HVN,2019-07-29,33.69,33.69,33.22,33.61,325580.0,128870.0
HVN,2019-07-30,33.22,33.53,33.14,33.14,477390.0,140820.0
HVN,2019-07-31,32.94,33.14,32.74,32.94,552290.0,236560.0
HVN,2019-08-01,32.82,32.98,32.58,32.58,487820.0,213560.0
HVN,2019-08-02,32.27,32.27,31.48,31.64,949220.0,302280.0
HVN,2019-08-05,31.64,32.03,31.6,31.68,424610.0,137050.0
HVN,2019-08-06,31.08,31.56,30.69,30.69,1086940.0,264770.0
HVN,2019-08-07,30.84,31.24,30.84,31.0,659210.0,349520.0
HVN,2019-08-08,31.0,31.6,30.84,31.6,321310.0,252040.0
HVN,2019-08-09,31.24,31.64,31.08,31.12,417620.0,149550.0
HVN,2019-08-12,31.16,31.56,31.08,31.16,281730.0,131020.0
HVN,2019-08-13,30.96,31.2,30.88,31.0,347810.0,140990.0
HVN,2019-08-14,31.16,31.24,31.0,31.0,217170.0,101260.0
HVN,2019-08-15,30.13,31.0,30.13,30.53,420630.0,165290.0
HVN,2019-08-16,30.53,30.84,30.53,30.77,326360.0,151520.0
HVN,2019-08-19,31.0,31.0,30.81,30.88,145610.0,56130.0
HVN,2019-08-20,30.84,31.2,30.84,30.84,324230.0,111760.0
HVN,2019-08-21,30.84,31.16,30.84,31.08,365760.0,188590.0
HVN,2019-08-22,31.24,31.24,30.84,30.84,271630.0,81130.0
HVN,2019-08-23,30.92,30.92,30.29,30.53,433570.0,106430.0
HVN,2019-08-26,30.05,30.53,29.54,29.66,632660.0,116600.0
HVN,2019-08-27,29.74,30.13,28.51,28.51,1169520.0,364480.0
HVN,2019-08-28,28.51,28.87,28.12,28.12,630220.0,157810.0
HVN,2019-08-29,28.16,28.71,28.16,28.47,379250.0,195280.0
HVN,2019-08-30,28.67,28.91,28.47,28.67,336220.0,182560.0
HVN,2019-09-03,28.87,28.95,28.16,28.47,343430.0,166310.0
HVN,2019-09-04,28.47,28.47,27.8,27.8,388440.0,106960.0
HVN,2019-09-05,28.27,28.35,27.8,27.8,306880.0,104230.0
HVN,2019-09-06,27.84,27.88,27.09,27.13,522990.0,157180.0
HVN,2019-09-09,27.05,27.21,26.06,26.38,993180.0,361130.0
HVN,2019-09-10,26.38,26.38,25.31,25.55,1074770.0,367000.0
HVN,2019-09-11,25.47,25.98,25.39,25.98,508540.0,313960.0
HVN,2019-09-12,26.1,27.13,26.1,27.05,468280.0,320790.0
HVN,2019-09-13,27.05,27.29,26.49,27.05,416510.0,153920.0
HVN,2019-09-16,26.97,27.05,26.26,26.34,504630.0,71450.0
HVN,2019-09-17,26.34,26.34,25.94,26.1,553770.0,167110.0
HVN,2019-09-18,26.1,26.73,26.1,26.49,401290.0,216370.0
HVN,2019-09-19,26.57,26.81,26.49,26.81,249340.0,20490.0
HVN,2019-09-20,26.81,26.89,26.34,26.38,383340.0,114170.0
HVN,2019-09-23,26.38,26.42,26.14,26.14,244580.0,46360.0
HVN,2019-09-24,26.18,26.42,26.14,26.22,194130.0,62440.0
HVN,2019-09-25,26.22,26.42,26.14,26.26,280240.0,114740.0
HVN,2019-09-26,26.26,26.3,25.86,25.98,430850.0,164340.0
HVN,2019-09-27,26.1,26.14,25.9,25.94,224060.0,89870.0
HVN,2019-09-30,25.98,26.65,25.98,26.57,464990.0,314490.0
HVN,2019-10-01,26.61,26.61,26.42,26.57,241630.0,117730.0
HVN,2019-10-02,26.57,26.57,26.1,26.22,364760.0,157050.0
HVN,2019-10-03,25.78,26.06,25.74,25.94,243500.0,91950.0
HVN,2019-10-04,25.94,26.53,25.94,26.22,203770.0,105980.0
HVN,2019-10-07,26.22,26.34,25.82,25.82,181890.0,39190.0
HVN,2019-10-08,26.06,26.38,25.82,26.38,335530.0,226400.0
HVN,2019-10-09,26.34,27.6,26.18,27.52,1391720.0,880830.0
HVN,2019-10-10,27.68,28.47,27.6,28.04,1067610.0,618490.0
HVN,2019-10-11,27.92,28.04,27.68,27.76,556930.0,193410.0
HVN,2019-10-14,27.76,27.84,27.56,27.68,506600.0,170600.0
HVN,2019-10-15,27.76,28.39,27.6,28.23,691580.0,422370.0
HVN,2019-10-16,28.67,28.67,28.27,28.27,498840.0,230620.0
HVN,2019-10-17,28.47,28.47,27.88,27.92,310880.0,64100.0
HVN,2019-10-18,27.76,28.08,27.44,27.44,427470.0,136490.0
HVN,2019-10-21,27.44,27.44,27.09,27.09,320520.0,96970.0
HVN,2019-10-22,27.13,27.92,27.13,27.88,311610.0,185970.0
HVN,2019-10-23,27.88,28.0,27.6,27.6,352990.0,75730.0
HVN,2019-10-24,27.6,27.92,27.48,27.92,278870.0,172590.0
HVN,2019-10-25,28.08,28.27,27.92,28.16,360100.0,221560.0
HVN,2019-10-28,28.16,28.31,27.68,27.76,276140.0,63750.0
HVN,2019-10-29,27.76,28.0,27.68,27.88,312200.0,138970.0
HVN,2019-10-30,27.88,28.0,27.76,27.8,351700.0,145710.0
HVN,2019-10-31,27.68,27.84,27.6,27.68,394190.0,166580.0
HVN,2019-11-01,27.92,28.91,27.88,28.87,1540650.0,1112630.0
HVN,2019-11-04,28.95,28.95,28.47,28.83,867720.0,523580.0
HVN,2019-11-05,28.79,28.87,28.55,28.83,406220.0,224270.0
HVN,2019-11-06,28.75,28.79,28.31,28.39,536950.0,167990.0
HVN,2019-11-07,28.39,28.71,28.39,28.63,313150.0,178270.0
HVN,2019-11-08,28.79,28.79,28.47,28.55,264110.0,99450.0
HVN,2019-11-11,28.71,28.83,28.43,28.43,412590.0,144280.0
HVN,2019-11-12,28.43,28.71,28.16,28.59,452140.0,237640.0
HVN,2019-11-13,28.55,28.63,28.31,28.35,299670.0,123410.0
HVN,2019-11-14,28.39,28.59,28.16,28.16,332150.0,103200.0
HVN,2019-11-15,28.39,28.39,27.76,27.84,487800.0,206980.0
HVN,2019-11-18,27.84,28.08,27.4,27.44,276560.0,64990.0
HVN,2019-11-19,27.4,27.68,27.36,27.48,185980.0,37970.0
HVN,2019-11-20,27.76,27.76,27.48,27.52,197170.0,78140.0
HVN,2019-11-21,27.52,27.68,27.44,27.52,216420.0,79560.0
HVN,2019-11-22,27.52,27.64,26.73,26.73,607680.0,187600.0
HVN,2019-11-25,26.61,26.65,26.1,26.57,428140.0,166720.0
HVN,2019-11-26,26.73,26.85,26.57,26.81,198510.0,123840.0
HVN,2019-11-27,26.81,27.13,26.73,27.13,284510.0,160390.0
HVN,2019-11-28,27.13,27.44,26.77,27.25,387800.0,302660.0
HVN,2019-11-29,27.13,27.68,27.13,27.64,330370.0,183270.0
HVN,2019-12-02,27.68,27.8,27.29,27.76,585250.0,285790.0
HVN,2019-12-03,27.76,28.04,27.29,28.0,520910.0,294030.0
HVN,2019-12-04,28.04,28.08,27.84,28.08,292750.0,111170.0
HVN,2019-12-05,28.08,28.31,28.08,28.27,456310.0,285240.0
HVN,2019-12-06,28.27,28.31,27.8,27.8,582610.0,268530.0
HVN,2019-12-09,27.44,27.8,27.29,27.4,226580.0,44280.0
HVN,2019-12-10,27.52,27.52,26.97,27.05,152340.0,41160.0
HVN,2019-12-11,26.97,27.13,26.85,26.97,137730.0,38290.0
HVN,2019-12-12,27.29,27.36,27.01,27.36,154360.0,65670.0
HVN,2019-12-13,27.36,27.68,27.36,27.36,120870.0,47920.0
HVN,2019-12-16,27.36,27.48,27.01,27.05,159640.0,43890.0
HVN,2019-12-17,27.17,27.17,26.73,26.73,242640.0,39240.0
HVN,2019-12-18,26.89,26.89,26.22,26.34,269700.0,45040.0
HVN,2019-12-19,26.34,27.13,26.14,27.05,219280.0,166230.0
HVN,2019-12-20,27.29,27.29,26.73,26.77,99440.0,38480.0
HVN,2019-12-23,26.89,27.25,26.77,27.17,193480.0,97160.0
HVN,2019-12-24,27.25,27.29,26.73,26.89,161890.0,20940.0
HVN,2019-12-25,26.73,27.09,26.73,27.05,131980.0,40410.0
HVN,2019-12-26,27.05,27.13,26.81,26.81,90240.0,27440.0
HVN,2019-12-27,26.81,26.89,26.73,26.81,286840.0,143350.0
HVN,2019-12-30,26.89,27.29,26.81,26.81,339280.0,167340.0
HVN,2019-12-31,26.81,26.81,26.26,26.69,490540.0,189300.0
HVN,2020-01-02,26.69,27.17,26.49,27.13,134600.0,86240.0
HVN,2020-01-03,27.29,27.29,26.85,26.97,151600.0,47500.0
HVN,2020-01-06,26.97,26.97,26.42,26.49,176000.0,33130.0
HVN,2020-01-07,26.57,26.65,26.18,26.46,108420.0,58150.0
HVN,2020-01-08,26.1,26.34,25.7,25.7,386610.0,73920.0
HVN,2020-01-09,26.1,26.26,25.78,25.78,199950.0,65660.0
HVN,2020-01-10,25.98,25.98,25.7,25.78,161600.0,45220.0
HVN,2020-01-13,25.78,25.9,25.74,25.78,127840.0,24920.0
HVN,2020-01-14,25.78,25.86,25.23,25.47,262760.0,78930.0
HVN,2020-01-15,25.35,25.47,25.15,25.19,247290.0,73320.0
HVN,2020-01-16,25.31,26.1,25.23,26.1,241750.0,156270.0
HVN,2020-01-17,26.1,26.1,25.74,25.74,155850.0,41140.0
HVN,2020-01-20,25.74,25.86,25.39,25.43,158270.0,46680.0
HVN,2020-01-21,25.7,26.06,25.51,25.9,225710.0,154580.0
HVN,2020-01-22,25.9,25.94,25.78,25.94,129780.0,61350.0
HVN,2020-01-30,24.44,25.39,24.16,24.16,1031650.0,117460.0
HVN,2020-01-31,23.01,23.17,22.5,22.5,1098740.0,289990.0
HVN,2020-02-03,20.96,21.67,20.96,21.35,1041750.0,204250.0
HVN,2020-02-04,21.87,21.87,20.64,21.12,1066590.0,452560.0
HVN,2020-02-05,21.35,21.39,20.92,20.96,661210.0,263970.0
HVN,2020-02-06,20.6,20.96,20.56,20.88,1565540.0,543330.0
HVN,2020-02-07,21.2,22.14,21.12,22.14,1155030.0,802560.0
HVN,2020-02-10,22.14,22.14,21.43,21.59,411790.0,105950.0
HVN,2020-02-11,21.39,21.67,21.39,21.51,487720.0,241780.0
HVN,2020-02-12,21.51,22.14,21.51,22.07,729410.0,500680.0
HVN,2020-02-13,21.51,22.14,21.51,21.75,671580.0,262180.0
HVN,2020-02-14,21.99,22.03,21.51,21.55,437250.0,136270.0
HVN,2020-02-17,21.35,21.35,20.96,21.08,711840.0,212830.0
HVN,2020-02-18,21.16,21.75,21.12,21.27,468930.0,194550.0
HVN,2020-02-19,21.59,21.59,21.27,21.27,279240.0,95890.0
HVN,2020-02-20,21.43,21.75,21.27,21.35,509880.0,239390.0
HVN,2020-02-21,21.24,21.27,20.96,21.27,668070.0,283870.0
HVN,2020-02-24,20.88,21.12,19.81,19.81,1136480.0,175960.0
HVN,2020-02-25,18.63,19.22,18.63,18.9,970060.0,406710.0
HVN,2020-02-26,18.82,18.82,18.19,18.27,1109560.0,304280.0
HVN,2020-02-27,18.19,18.9,18.19,18.59,674960.0,479020.0
HVN,2020-02-28,18.51,18.51,18.11,18.19,783100.0,296780.0
HVN,2020-03-02,18.11,18.11,17.28,17.56,1300540.0,820920.0
HVN,2020-03-03,17.8,18.19,17.8,17.95,789840.0,431980.0
HVN,2020-03-04,17.95,19.18,17.87,19.18,1625180.0,1289090.0
HVN,2020-03-05,19.61,20.48,19.3,20.4,2161890.0,1501710.0
HVN,2020-03-06,20.17,20.21,19.61,19.73,782600.0,304610.0
HVN,2020-03-09,18.39,18.51,18.39,18.39,1236390.0,80460.0
HVN,2020-03-10,17.12,18.43,17.12,18.19,1358740.0,639900.0
HVN,2020-03-11,18.51,18.51,17.52,17.83,945960.0,359070.0
HVN,2020-03-12,17.16,17.4,16.61,16.61,1190690.0,389250.0
HVN,2020-03-13,15.82,16.61,15.46,16.45,942390.0,449220.0
HVN,2020-03-16,16.45,16.61,15.98,16.29,432720.0,157210.0
HVN,2020-03-17,16.13,16.77,15.82,16.77,746910.0,457620.0
HVN,2020-03-18,16.77,17.0,16.37,16.45,782900.0,224640.0
HVN,2020-03-19,16.21,16.37,15.66,15.74,1030030.0,322910.0
HVN,2020-03-20,15.66,16.13,15.66,15.74,739420.0,417240.0
HVN,2020-03-23,15.66,15.66,14.67,14.67,1101930.0,253350.0
HVN,2020-03-24,14.35,14.71,13.84,14.47,716080.0,351300.0
HVN,2020-03-25,14.83,15.26,14.79,15.26,810880.0,476220.0
HVN,2020-03-26,15.26,15.58,14.87,15.3,562310.0,273320.0
HVN,2020-03-27,15.11,15.82,15.11,15.26,808780.0,387510.0
HVN,2020-03-30,14.63,14.95,14.24,14.32,998870.0,357780.0
HVN,2020-03-31,14.87,14.87,14.08,14.08,1126200.0,327930.0
HVN,2020-04-01,14.08,14.75,14.04,14.63,1344060.0,526130.0
HVN,2020-04-03,14.63,15.26,14.63,15.26,826490.0,506100.0
HVN,2020-04-06,15.66,16.33,15.66,16.33,1510090.0,1172430.0
HVN,2020-04-07,16.61,16.93,15.82,16.06,1547550.0,614630.0
HVN,2020-04-08,15.26,15.74,15.19,15.66,987730.0,445320.0
HVN,2020-04-09,15.66,16.49,15.5,16.33,1629860.0,866460.0
HVN,2020-04-10,16.61,17.44,16.25,17.44,2440190.0,1992210.0
HVN,2020-04-13,18.63,18.63,18.19,18.63,1751120.0,1564070.0
HVN,2020-04-14,19.61,19.61,17.4,18.55,2779780.0,1224380.0
HVN,2020-04-15,17.95,19.22,17.8,19.14,1763390.0,1021210.0
HVN,2020-04-16,19.14,19.38,18.82,19.26,1633830.0,760830.0
HVN,2020-04-17,19.38,20.52,19.34,20.44,2561940.0,1620530.0
HVN,2020-04-20,20.96,21.87,20.8,21.87,3756320.0,2617830.0
HVN,2020-04-21,21.87,22.94,20.96,21.51,3415200.0,1427400.0
HVN,2020-04-22,21.51,21.75,20.56,21.51,1530240.0,673960.0
HVN,2020-04-23,22.54,22.54,21.83,21.99,1520660.0,732760.0
HVN,2020-04-24,21.99,21.99,21.31,21.63,1101860.0,339320.0
HVN,2020-04-27,21.67,21.75,20.96,21.0,1365730.0,346790.0
HVN,2020-04-28,21.0,21.0,20.25,20.64,1154220.0,522880.0
HVN,2020-04-29,20.72,21.43,20.72,21.27,887800.0,592510.0
HVN,2020-05-04,21.12,21.24,20.64,20.64,573850.0,155560.0
HVN,2020-05-05,20.56,20.8,20.25,20.56,649350.0,323400.0
HVN,2020-05-06,20.56,20.88,20.37,20.88,797520.0,398940.0
HVN,2020-05-07,21.16,21.35,21.04,21.12,725660.0,368730.0
HVN,2020-05-08,21.2,21.59,21.12,21.31,1244600.0,728510.0
HVN,2020-05-11,21.31,21.35,21.16,21.27,938070.0,440090.0
HVN,2020-05-12,21.27,21.35,21.08,21.31,989670.0,469630.0
HVN,2020-05-13,21.31,22.3,21.2,22.11,2738210.0,1595620.0
HVN,2020-05-14,21.99,22.14,21.91,21.91,1099110.0,389860.0
HVN,2020-05-15,21.87,21.99,21.43,21.63,729330.0,257620.0
HVN,2020-05-18,21.59,21.59,20.96,21.24,1173050.0,508630.0
HVN,2020-05-19,21.67,21.99,21.39,21.39,946220.0,350610.0
HVN,2020-05-20,21.75,21.75,21.43,21.55,741240.0,462470.0
HVN,2020-05-21,21.59,21.79,21.51,21.59,660700.0,327040.0
HVN,2020-05-22,21.63,21.67,21.27,21.27,961980.0,179190.0
HVN,2020-05-25,21.31,21.31,21.04,21.2,687010.0,337410.0
HVN,2020-05-26,21.27,21.67,21.24,21.63,1307740.0,949980.0
HVN,2020-05-27,22.07,22.54,22.07,22.14,4179840.0,1969560.0
HVN,2020-05-28,22.14,22.3,21.87,21.99,779720.0,358650.0
HVN,2020-05-29,21.91,21.91,21.59,21.75,849850.0,321400.0
HVN,2020-06-01,22.38,22.38,21.75,21.91,1088590.0,482500.0
HVN,2020-06-02,21.91,22.03,21.71,21.71,933450.0,277980.0
HVN,2020-06-03,21.71,21.71,21.51,21.63,534160.0,252950.0
HVN,2020-06-04,21.99,22.42,21.63,22.03,1782690.0,1181730.0
HVN,2020-06-05,22.14,22.7,21.99,22.34,2174220.0,1104640.0
HVN,2020-06-08,22.54,22.86,22.54,22.74,2200190.0,1307610.0
HVN,2020-06-09,22.94,24.08,22.86,23.85,3082330.0,1770980.0
HVN,2020-06-10,23.88,23.92,23.09,23.65,1710790.0,737340.0
HVN,2020-06-11,23.73,23.73,22.14,22.14,2610590.0,676520.0
HVN,2020-06-12,21.43,22.14,21.43,21.99,2078150.0,854330.0
HVN,2020-06-15,21.59,22.14,20.96,21.51,2156210.0,950560.0
HVN,2020-06-16,21.51,22.18,21.51,22.14,830710.0,446870.0
HVN,2020-06-17,22.38,22.38,21.87,22.11,995810.0,478770.0
HVN,2020-06-18,21.99,21.99,21.71,21.79,478230.0,147470.0
HVN,2020-06-19,21.75,21.83,21.51,21.63,637820.0,220420.0
HVN,2020-06-22,21.55,21.55,21.16,21.35,872120.0,329790.0
HVN,2020-06-23,21.35,21.83,21.27,21.43,531200.0,198500.0
HVN,2020-06-24,21.51,21.59,21.35,21.35,333470.0,142060.0
HVN,2020-06-25,20.96,21.35,20.96,21.12,455080.0,129980.0
HVN,2020-06-26,21.27,21.43,20.8,20.8,671180.0,161010.0
HVN,2020-06-29,20.8,20.8,19.5,19.69,860600.0,254230.0
HVN,2020-06-30,19.85,20.56,19.73,19.85,576000.0,219560.0
HVN,2020-07-01,19.85,20.44,19.85,20.33,280530.0,122060.0
HVN,2020-07-02,20.56,20.56,20.25,20.25,258190.0,67010.0
HVN,2020-07-03,20.4,20.72,20.4,20.48,213820.0,106420.0
HVN,2020-07-06,20.56,20.8,20.48,20.56,208620.0,82980.0
HVN,2020-07-07,20.56,20.96,20.56,20.76,450690.0,217650.0
HVN,2020-07-08,20.8,21.0,20.76,20.8,345230.0,166830.0
HVN,2020-07-09,20.8,21.2,20.8,21.04,365740.0,187210.0
HVN,2020-07-10,21.04,21.04,20.68,20.88,389310.0,76760.0
HVN,2020-07-13,20.84,20.96,20.72,20.76,278810.0,90210.0
HVN,2020-07-14,20.76,20.96,20.72,20.88,283090.0,140280.0
HVN,2020-07-15,21.04,21.04,20.8,20.92,243980.0,108820.0
HVN,2020-07-16,20.96,21.0,20.84,20.84,259920.0,97390.0
HVN,2020-07-17,20.88,20.88,20.64,20.72,241890.0,66150.0
HVN,2020-07-20,20.72,20.84,20.56,20.56,257240.0,52690.0
HVN,2020-07-21,20.56,20.72,20.37,20.48,225820.0,102830.0
HVN,2020-07-22,20.64,20.64,20.4,20.4,162030.0,42530.0
HVN,2020-07-23,20.4,20.56,20.4,20.4,203920.0,57690.0
HVN,2020-07-24,20.4,20.52,18.98,19.26,898830.0,236910.0
HVN,2020-07-27,17.91,17.95,17.91,17.91,844630.0,15610.0
HVN,2020-07-28,16.77,18.19,16.77,18.19,1314370.0,708390.0
HVN,2020-07-29,17.12,17.72,16.93,17.12,1210250.0,413800.0
HVN,2020-07-30,17.12,17.68,17.12,17.4,513710.0,181420.0
HVN,2020-07-31,17.16,17.24,16.81,17.16,421410.0,142170.0
HVN,2020-08-03,17.0,17.64,16.85,17.64,568280.0,410280.0
HVN,2020-08-04,17.72,18.27,17.72,18.23,820570.0,533990.0
HVN,2020-08-05,18.51,19.1,18.35,18.98,925870.0,596430.0
HVN,2020-08-06,18.98,18.98,18.35,18.78,773860.0,289560.0
HVN,2020-08-07,18.35,18.74,18.35,18.7,389600.0,141870.0
HVN,2020-08-10,18.74,18.98,18.67,18.7,544400.0,207010.0
HVN,2020-08-11,18.74,18.98,18.59,18.63,562500.0,294760.0
HVN,2020-08-12,18.7,19.18,18.7,19.02,948460.0,497710.0
HVN,2020-08-13,19.22,19.77,19.06,19.77,719630.0,497510.0
HVN,2020-08-14,19.77,19.77,19.38,19.46,560450.0,150960.0
HVN,2020-08-17,19.46,19.46,18.82,19.06,658400.0,367630.0
HVN,2020-08-18,19.06,19.38,19.02,19.06,253430.0,66810.0
HVN,2020-08-19,19.06,19.34,19.06,19.22,194430.0,95590.0
HVN,2020-08-20,19.22,19.22,18.9,19.06,430960.0,113820.0
HVN,2020-08-21,19.1,19.18,19.02,19.14,331710.0,215590.0
HVN,2020-08-24,19.38,19.38,19.18,19.34,679010.0,336230.0
HVN,2020-08-25,19.46,19.69,19.34,19.61,759750.0,507300.0
HVN,2020-08-26,19.73,19.73,19.5,19.54,471370.0,226420.0
HVN,2020-08-27,19.46,19.57,19.22,19.46,462700.0,146080.0
HVN,2020-08-28,19.69,19.69,19.34,19.5,631340.0,312040.0
HVN,2020-08-31,19.85,20.48,19.77,20.33,1369150.0,683650.0
HVN,2020-09-01,20.72,21.04,20.56,20.96,1425850.0,800820.0
HVN,2020-09-03,21.35,21.35,20.56,20.88,1279610.0,571780.0
HVN,2020-09-04,20.4,20.72,20.17,20.72,1125480.0,762780.0
HVN,2020-09-07,20.88,21.08,20.72,20.72,954110.0,360440.0
HVN,2020-09-08,20.88,20.92,20.56,20.72,320450.0,125920.0
HVN,2020-09-09,20.56,20.72,20.48,20.72,286550.0,150810.0
HVN,2020-09-10,20.88,20.92,20.68,20.72,465920.0,184020.0
HVN,2020-09-11,20.76,20.76,20.64,20.72,350280.0,156590.0
HVN,2020-09-14,20.8,21.55,20.8,21.55,1593440.0,1170000.0
HVN,2020-09-15,21.59,21.59,21.08,21.31,1011440.0,502560.0
HVN,2020-09-16,21.51,21.59,21.27,21.27,624310.0,177390.0
HVN,2020-09-17,21.27,21.31,21.2,21.2,614640.0,251720.0
HVN,2020-09-18,21.2,21.27,21.16,21.24,375150.0,201440.0
HVN,2020-09-21,21.24,21.35,21.24,21.24,714820.0,269930.0
HVN,2020-09-22,20.96,21.2,20.96,21.08,324540.0,98450.0
HVN,2020-09-23,21.27,21.31,21.16,21.24,362250.0,108630.0
HVN,2020-09-24,21.2,21.24,21.12,21.16,409270.0,169060.0
HVN,2020-09-25,21.16,21.24,21.08,21.12,320370.0,103000.0
HVN,2020-09-28,21.08,21.2,21.08,21.12,469570.0,171970.0
HVN,2020-09-29,21.12,21.27,21.08,21.16,916640.0,453570.0
HVN,2020-09-30,21.12,21.2,21.0,21.12,343720.0,101380.0
HVN,2020-10-01,21.2,21.75,21.2,21.59,1559450.0,930870.0
HVN,2020-10-02,21.59,21.59,20.8,21.24,929580.0,329980.0
HVN,2020-10-05,21.27,21.59,21.27,21.43,484960.0,228040.0
HVN,2020-10-06,21.43,21.51,21.2,21.27,550300.0,172240.0
HVN,2020-10-07,20.96,21.24,20.96,21.08,466110.0,166960.0
HVN,2020-10-08,21.08,21.2,21.0,21.08,499750.0,149020.0
HVN,2020-10-09,21.12,21.16,21.04,21.12,383110.0,226940.0
HVN,2020-10-12,21.12,21.16,20.84,20.84,637920.0,100200.0
HVN,2020-10-13,20.88,20.96,20.76,20.76,348660.0,115420.0
HVN,2020-10-14,20.72,20.96,20.72,20.76,409830.0,94070.0
HVN,2020-10-15,20.8,20.8,20.56,20.76,461430.0,215730.0
HVN,2020-10-16,20.76,20.76,20.56,20.6,447420.0,169480.0
HVN,2020-10-19,20.64,20.76,20.6,20.64,255690.0,63560.0
HVN,2020-10-20,20.56,20.56,20.25,20.29,739960.0,220380.0
HVN,2020-10-21,20.29,20.37,19.93,20.01,596180.0,110310.0
HVN,2020-10-22,19.97,20.25,19.97,20.21,394600.0,293570.0
HVN,2020-10-23,20.33,20.48,20.33,20.4,283830.0,126350.0
HVN,2020-10-26,20.48,20.48,20.33,20.33,271330.0,108820.0
HVN,2020-10-27,20.25,20.33,20.05,20.13,265650.0,76060.0
HVN,2020-10-28,20.01,20.01,19.54,19.54,463260.0,61800.0
HVN,2020-10-29,18.98,19.69,18.98,19.46,376600.0,229380.0
HVN,2020-10-30,19.5,19.69,19.5,19.65,174420.0,73170.0
HVN,2020-11-02,19.65,19.69,19.46,19.54,105160.0,42060.0
HVN,2020-11-03,19.54,19.77,19.54,19.77,253640.0,134350.0
HVN,2020-11-04,19.85,19.97,19.65,19.97,264860.0,180880.0
HVN,2020-11-05,19.97,20.13,19.85,19.89,124400.0,17630.0
HVN,2020-11-06,19.89,19.93,19.61,19.69,170030.0,67730.0
HVN,2020-11-09,19.69,20.56,19.69,20.56,578530.0,334930.0
HVN,2020-11-10,21.99,21.99,21.35,21.75,3518100.0,2278000.0
HVN,2020-11-11,21.83,21.83,21.2,21.35,875460.0,466880.0
HVN,2020-11-12,21.35,21.43,21.0,21.2,576710.0,135750.0
HVN,2020-11-13,20.96,21.47,20.84,21.47,1459130.0,833180.0
HVN,2020-11-16,21.67,21.67,21.12,21.2,921370.0,278850.0
HVN,2020-11-17,21.43,21.51,21.35,21.43,821070.0,452520.0
HVN,2020-11-18,22.07,22.07,21.51,21.59,2813620.0,1167510.0
HVN,2020-11-19,21.59,21.59,21.27,21.35,763200.0,247180.0
HVN,2020-11-20,21.27,21.63,21.12,21.51,977970.0,535250.0
HVN,2020-11-23,21.59,21.63,21.24,21.35,673760.0,366920.0
HVN,2020-11-24,21.35,21.47,21.16,21.16,982590.0,433970.0
HVN,2020-11-25,21.2,21.35,21.2,21.24,657860.0,281750.0
HVN,2020-11-26,21.24,21.27,21.04,21.12,449000.0,169830.0
HVN,2020-11-27,21.12,21.2,21.12,21.16,334760.0,179870.0
HVN,2020-11-30,21.16,21.51,21.12,21.12,806660.0,294460.0
HVN,2020-12-01,20.25,20.92,20.25,20.92,790900.0,391680.0
HVN,2020-12-02,20.6,20.8,20.6,20.72,807120.0,284780.0
HVN,2020-12-03,20.68,20.72,20.6,20.68,587680.0,272240.0
HVN,2020-12-04,20.68,20.96,20.68,20.88,483950.0,266830.0
HVN,2020-12-07,20.96,21.08,20.92,21.04,563080.0,323160.0
HVN,2020-12-08,21.2,21.2,21.0,21.08,539900.0,290500.0
HVN,2020-12-09,21.12,21.39,21.12,21.24,793890.0,393700.0
HVN,2020-12-10,21.35,21.35,20.96,21.0,683250.0,210800.0
HVN,2020-12-11,21.12,21.75,21.04,21.71,2357600.0,1757130.0
HVN,2020-12-14,22.03,22.03,21.75,21.91,1550880.0,758460.0
HVN,2020-12-15,21.75,22.07,21.67,21.91,1228820.0,607430.0
HVN,2020-12-16,21.83,22.82,21.75,22.54,1920380.0,1190430.0
HVN,2020-12-17,22.42,22.7,22.07,22.14,1586160.0,508580.0
HVN,2020-12-18,22.18,22.46,22.18,22.26,942350.0,517740.0
HVN,2020-12-21,22.3,22.38,22.18,22.34,1802010.0,1056570.0
HVN,2020-12-22,22.14,22.3,21.99,22.18,1207330.0,425720.0
HVN,2020-12-23,22.22,22.26,21.91,21.95,1552100.0,447980.0
HVN,2020-12-24,21.95,22.07,20.48,21.63,1157430.0,373600.0
HVN,2020-12-25,21.99,22.46,21.55,22.26,1618240.0,867730.0
HVN,2020-12-28,22.94,22.94,22.14,22.26,1556300.0,713730.0
HVN,2020-12-29,22.26,22.46,22.03,22.38,1277340.0,778710.0
HVN,2020-12-30,22.38,22.86,22.38,22.42,1104710.0,462590.0
HVN,2020-12-31,22.42,22.58,22.34,22.38,742640.0,345570.0
HVN,2021-01-04,22.54,22.86,22.38,22.58,1966600.0,1117400.0
HVN,2021-01-05,22.38,22.54,22.34,22.38,1310800.0,454300.0
HVN,2021-01-06,22.38,22.38,22.14,22.26,1150000.0,516700.0
HVN,2021-01-07,22.54,22.9,22.26,22.62,1668700.0,1071200.0
HVN,2021-01-08,22.78,23.25,22.78,23.09,2478600.0,1473000.0
HVN,2021-01-11,24.68,24.68,24.2,24.68,2407600.0,2024400.0
HVN,2021-01-12,25.62,25.62,25.27,25.31,2311500.0,1276400.0
HVN,2021-01-13,25.31,25.31,24.6,24.6,2170500.0,682300.0
HVN,2021-01-14,24.64,24.68,24.08,24.36,1864700.0,876500.0
HVN,2021-01-15,24.44,24.83,24.36,24.4,1423200.0,720100.0
HVN,2021-01-18,24.4,24.44,24.2,24.24,1523800.0,666300.0
HVN,2021-01-19,24.16,24.16,22.58,22.62,1713800.0,424100.0
HVN,2021-01-20,22.62,23.09,21.39,22.7,1204200.0,421700.0
HVN,2021-01-21,22.94,23.33,22.94,23.29,1008300.0,585300.0
HVN,2021-01-22,23.33,23.49,22.94,23.09,1001700.0,427800.0
HVN,2021-01-25,22.94,23.33,22.94,23.01,651900.0,254400.0
HVN,2021-01-26,23.01,23.09,21.99,22.22,905900.0,302300.0
HVN,2021-01-27,22.14,22.14,21.39,21.55,1005700.0,326400.0
HVN,2021-01-28,20.09,20.4,20.05,20.05,1638500.0,416800.0
HVN,2021-01-29,18.74,21.43,18.74,20.44,1063900.0,496700.0
HVN,2021-02-01,20.48,20.56,19.85,19.85,748100.0,255100.0
HVN,2021-02-02,19.93,20.01,19.38,20.01,570500.0,253400.0
HVN,2021-02-03,20.13,20.76,20.13,20.68,530100.0,296100.0
HVN,2021-02-04,20.56,21.04,20.56,20.64,529900.0,245500.0
HVN,2021-02-05,20.72,21.04,20.72,20.96,433300.0,350100.0
HVN,2021-02-08,20.96,20.96,19.54,20.21,820100.0,161300.0
HVN,2021-02-09,20.21,20.84,20.17,20.84,446800.0,235600.0
HVN,2021-02-17,20.88,21.55,20.88,21.55,680200.0,313700.0
HVN,2021-02-18,21.59,21.59,21.31,21.55,837900.0,284600.0
HVN,2021-02-19,21.35,21.51,21.08,21.27,1482400.0,425700.0
HVN,2021-02-22,21.63,21.83,21.43,21.75,1278800.0,640500.0
HVN,2021-02-23,21.75,22.78,21.75,22.62,1423300.0,860300.0
HVN,2021-02-24,22.94,23.17,22.38,22.78,1925300.0,955300.0
HVN,2021-02-25,23.17,23.33,22.78,22.94,1601700.0,858200.0
HVN,2021-02-26,22.7,23.92,22.46,23.69,2176900.0,1485700.0
HVN,2021-03-01,23.96,24.87,23.88,24.83,2520200.0,1695500.0
HVN,2021-03-02,25.39,25.39,24.12,24.75,2010900.0,968400.0
HVN,2021-03-03,24.52,24.52,24.12,24.44,1388500.0,482400.0
HVN,2021-03-04,24.44,24.44,23.57,23.65,1615200.0,520200.0
HVN,2021-03-05,23.53,24.36,23.09,24.24,1307800.0,710500.0
HVN,2021-03-08,24.83,24.83,23.92,24.08,1311600.0,295200.0
HVN,2021-03-09,23.73,24.04,23.57,23.85,920400.0,387800.0
HVN,2021-03-10,23.69,24.36,23.65,24.36,1190200.0,827800.0
HVN,2021-03-11,24.52,24.68,24.2,24.28,1396000.0,694500.0
HVN,2021-03-12,24.36,24.36,24.08,24.08,693100.0,267500.0
HVN,2021-03-15,24.08,24.16,23.81,23.88,1081900.0,346700.0
HVN,2021-03-16,23.88,24.44,23.73,23.96,1295600.0,635800.0
HVN,2021-03-17,23.96,24.52,23.96,24.36,1251700.0,764400.0
HVN,2021-03-18,24.68,25.7,24.6,25.62,3907200.0,2682100.0
HVN,2021-03-19,25.62,26.89,25.39,26.53,3332500.0,1778500.0
HVN,2021-03-22,26.53,26.77,26.22,26.49,1803600.0,603700.0
HVN,2021-03-23,26.1,26.38,25.7,25.78,2279800.0,743600.0
HVN,2021-03-24,25.31,25.62,24.91,24.91,2220800.0,493500.0
HVN,2021-03-25,25.15,26.18,24.91,25.59,1543100.0,715000.0
HVN,2021-03-26,25.31,25.59,24.83,25.31,1505700.0,542100.0
HVN,2021-03-29,26.1,26.1,25.7,25.94,1075200.0,671500.0
HVN,2021-03-30,25.98,26.02,25.62,25.78,997400.0,475100.0
HVN,2021-03-31,25.66,26.18,25.55,25.82,1253300.0,624600.0
HVN,2021-04-01,26.18,26.77,26.1,26.73,2190000.0,1235200.0
HVN,2021-04-02,26.89,27.05,26.49,26.53,1254000.0,410200.0
HVN,2021-04-05,26.65,26.89,26.34,26.42,1202900.0,356700.0
HVN,2021-04-06,26.26,26.42,26.02,26.14,1453000.0,375400.0
HVN,2021-04-07,26.1,26.1,25.9,26.1,948200.0,406200.0
HVN,2021-04-08,26.1,26.49,26.1,26.34,851000.0,321900.0
HVN,2021-04-09,26.34,26.42,26.22,26.22,710600.0,315100.0
HVN,2021-04-12,25.55,26.02,25.55,25.94,2002500.0,847100.0
HVN,2021-04-13,25.86,25.94,25.31,25.35,1076200.0,234600.0
HVN,2021-04-14,25.03,25.31,24.91,25.31,884100.0,393100.0
HVN,2021-04-15,25.31,25.39,24.91,24.99,831400.0,209000.0
HVN,2021-04-16,24.99,25.31,24.08,24.52,1212200.0,282300.0
HVN,2021-04-19,24.68,24.87,23.96,24.48,1165100.0,455200.0
HVN,2021-04-20,24.48,24.87,24.32,24.68,796300.0,337200.0
HVN,2021-04-22,24.68,24.68,23.88,23.88,1080800.0,288100.0
HVN,2021-04-23,23.73,23.88,23.41,23.88,860800.0,426000.0
HVN,2021-04-26,23.88,23.88,22.22,22.78,1106400.0,281600.0
HVN,2021-04-27,22.78,22.86,22.22,22.74,790800.0,332500.0
HVN,2021-04-28,22.74,22.94,22.54,22.78,528100.0,266900.0
HVN,2021-04-29,22.78,23.09,22.78,22.94,466300.0,188600.0
HVN,2021-05-04,21.35,22.94,21.35,21.59,1477900.0,475400.0
HVN,2021-05-05,21.91,22.14,21.91,22.14,693200.0,451600.0
HVN,2021-05-06,22.14,22.54,21.99,21.99,637400.0,239100.0
HVN,2021-05-07,21.99,21.99,21.35,21.51,1021800.0,346200.0
HVN,2021-05-10,20.96,21.27,20.96,21.04,1107600.0,521600.0
HVN,2021-05-11,21.35,22.07,21.35,21.83,768900.0,419500.0
HVN,2021-05-12,21.83,22.14,21.75,22.07,432100.0,198900.0
HVN,2021-05-13,21.79,22.11,21.35,21.59,627100.0,182600.0
HVN,2021-05-14,21.59,21.75,21.43,21.59,925400.0,346000.0
HVN,2021-05-17,21.75,21.91,21.51,21.63,468800.0,162800.0
HVN,2021-05-18,21.63,21.67,21.39,21.43,555900.0,249800.0
HVN,2021-05-19,21.83,21.83,21.08,21.12,698600.0,209600.0
HVN,2021-05-20,20.64,21.35,20.4,20.48,1289500.0,384500.0
HVN,2021-05-21,20.17,21.31,20.17,21.16,1103900.0,474100.0
HVN,2021-05-24,21.16,21.75,21.16,21.31,631600.0,309400.0
HVN,2021-05-25,21.31,21.35,21.0,21.12,579300.0,208000.0
HVN,2021-05-26,21.12,21.27,20.72,20.96,625600.0,239000.0
HVN,2021-05-27,20.88,20.96,20.56,20.64,572900.0,137300.0
HVN,2021-05-28,20.64,20.88,20.6,20.72,493800.0,236300.0
HVN,2021-05-31,20.56,20.68,20.4,20.44,707200.0,235700.0
HVN,2021-06-01,20.4,20.44,20.25,20.29,750100.0,105000.0
HVN,2021-06-02,20.33,21.67,20.17,21.67,1603400.0,634200.0
HVN,2021-06-03,21.67,21.71,21.2,21.35,1146200.0,550000.0
HVN,2021-06-04,20.96,21.2,20.92,21.04,863700.0,331900.0
HVN,2021-06-07,21.04,21.12,20.84,21.04,1276500.0,544000.0
HVN,2021-06-08,21.51,21.75,21.2,21.43,1617100.0,804100.0
HVN,2021-06-09,21.43,21.63,21.35,21.63,1021800.0,624400.0
HVN,2021-06-10,21.59,21.59,21.27,21.35,648800.0,219300.0
HVN,2021-06-11,21.39,22.54,20.96,22.54,1465900.0,1109400.0
HVN,2021-06-14,22.7,22.7,22.07,22.14,1260700.0,557100.0
HVN,2021-06-15,22.14,22.38,22.11,22.18,872200.0,358400.0
HVN,2021-06-16,22.18,22.22,21.75,21.79,1255600.0,435200.0
HVN,2021-06-17,20.64,21.35,20.64,21.27,1447800.0,635400.0
HVN,2021-06-18,21.27,21.67,21.04,21.43,1107900.0,596500.0
HVN,2021-06-21,21.35,22.14,21.2,21.91,1281500.0,721200.0
HVN,2021-06-22,22.38,22.38,21.79,21.79,1071800.0,522500.0
HVN,2021-06-23,21.79,21.79,21.43,21.51,693800.0,193900.0
HVN,2021-06-24,21.43,21.75,21.35,21.47,747300.0,249700.0
HVN,2021-06-25,21.51,21.71,21.47,21.55,448900.0,212500.0
HVN,2021-06-28,21.79,21.79,21.43,21.51,575800.0,198100.0
HVN,2021-06-29,21.55,21.91,21.43,21.87,1026500.0,619700.0
HVN,2021-06-30,21.87,21.87,21.67,21.83,573500.0,316800.0
HVN,2021-07-01,21.83,21.87,21.55,21.83,504600.0,277500.0
HVN,2021-07-02,21.83,21.83,21.51,21.67,532100.0,219600.0
HVN,2021-07-05,21.59,21.67,21.27,21.35,717200.0,174600.0
HVN,2021-07-06,21.35,21.39,20.96,20.96,702100.0,191500.0
HVN,2021-07-07,20.88,20.96,20.17,20.6,725600.0,349500.0
HVN,2021-07-08,20.6,21.12,20.6,20.8,457700.0,218000.0
HVN,2021-07-09,20.8,20.8,20.48,20.64,539700.0,183300.0
HVN,2021-07-12,20.56,20.64,19.38,19.69,871000.0,416100.0
HVN,2021-07-13,19.85,20.4,19.85,20.21,388200.0,205500.0
HVN,2021-07-14,20.8,20.96,20.21,20.33,398900.0,149500.0
HVN,2021-07-15,20.37,20.56,20.37,20.52,241400.0,150100.0
HVN,2021-07-16,20.6,20.6,20.17,20.17,457600.0,99200.0
HVN,2021-07-19,19.77,19.85,18.9,18.98,810100.0,191700.0
HVN,2021-07-20,19.38,19.42,19.02,19.38,358300.0,156100.0
HVN,2021-07-21,19.61,19.89,19.46,19.77,268200.0,127100.0
HVN,2021-07-22,19.77,20.01,19.77,19.93,264600.0,127000.0
HVN,2021-07-23,19.77,19.77,19.38,19.38,668500.0,182900.0
HVN,2021-07-26,18.98,19.38,18.98,19.02,652900.0,296500.0
HVN,2021-07-27,19.22,19.22,19.02,19.1,784000.0,310300.0
HVN,2021-07-28,18.82,19.06,18.67,18.82,1268800.0,426800.0
HVN,2021-07-29,19.8,20.1,19.8,20.1,505600.0,426500.0
HVN,2021-07-30,21.5,21.5,21.5,21.5,412300.0,412300.0
HVN,2021-08-02,23.0,23.0,22.0,22.75,2559800.0,1490800.0
HVN,2021-08-03,22.75,22.8,22.1,22.25,787600.0,295800.0
HVN,2021-08-04,22.1,22.25,21.8,21.8,946800.0,287100.0
HVN,2021-08-05,21.5,21.75,21.2,21.65,1013400.0,470500.0
HVN,2021-08-06,21.7,21.95,21.6,21.7,805600.0,291700.0
HVN,2021-08-09,21.6,21.6,21.25,21.35,788200.0,366200.0
HVN,2021-08-10,21.35,21.5,21.3,21.5,597000.0,373600.0
HVN,2021-08-11,21.5,22.1,21.4,21.8,897600.0,487300.0
HVN,2021-08-12,21.6,21.95,21.6,21.7,473500.0,160300.0
HVN,2021-08-13,21.8,21.95,21.5,21.55,573600.0,147100.0
HVN,2021-08-16,21.5,21.55,21.3,21.5,590000.0,279100.0
HVN,2021-08-17,21.5,21.55,21.4,21.4,440200.0,190600.0
HVN,2021-08-18,21.4,21.4,21.2,21.3,564100.0,96700.0
HVN,2021-08-19,21.2,21.25,21.1,21.25,467300.0,175800.0
HVN,2021-08-20,21.15,21.2,20.8,20.85,774300.0,156800.0
HVN,2021-08-23,20.85,20.85,20.5,20.55,538100.0,238000.0
HVN,2021-08-24,20.4,20.6,20.25,20.4,489100.0,188700.0
HVN,2021-08-25,20.5,21.15,20.45,21.15,432700.0,307200.0
HVN,2021-08-26,21.3,21.3,21.1,21.2,352800.0,206200.0
HVN,2021-08-27,21.2,21.2,20.9,21.15,346200.0,195000.0
HVN,2021-08-30,21.2,21.7,21.15,21.5,680000.0,451300.0
HVN,2021-08-31,21.45,21.45,21.0,21.1,586800.0,208200.0
HVN,2021-09-01,20.7,21.1,20.6,20.95,692200.0,258700.0
HVN,2021-09-06,20.95,21.8,20.95,21.55,1082900.0,629100.0
HVN,2021-09-07,21.6,22.2,21.6,22.1,1483900.0,1092900.0
HVN,2021-09-08,22.5,22.8,22.0,22.4,1438400.0,824500.0
HVN,2021-09-09,22.45,23.95,22.45,23.95,2369400.0,1889300.0
HVN,2021-09-10,25.4,25.45,24.6,25.05,3492400.0,1582200.0
HVN,2021-09-13,25.1,26.8,25.1,26.8,3733800.0,3264500.0
HVN,2021-09-14,28.6,28.65,28.55,28.65,3343700.0,2990700.0
HVN,2021-09-15,30.65,30.65,26.8,26.8,5463200.0,2554400.0
HVN,2021-09-16,26.1,26.5,25.3,25.5,2737700.0,902000.0
HVN,2021-09-17,25.5,27.25,25.3,26.75,1237300.0,624800.0
HVN,2021-09-20,26.75,26.8,26.05,26.15,1535900.0,506900.0
HVN,2021-09-21,25.5,25.8,25.0,25.4,1559800.0,589200.0
HVN,2021-09-22,25.7,26.0,25.5,25.9,1005400.0,538700.0
HVN,2021-09-23,26.0,26.0,25.4,25.6,909200.0,428400.0
HVN,2021-09-24,25.6,26.2,25.4,25.9,910000.0,514700.0
HVN,2021-09-27,26.2,26.3,25.4,25.55,1128100.0,456000.0
HVN,2021-09-28,25.7,25.7,24.5,25.0,860100.0,397300.0
HVN,2021-09-29,25.0,25.0,24.3,24.5,941200.0,213700.0
HVN,2021-09-30,24.5,25.2,24.5,25.0,611200.0,289200.0
HVN,2021-10-01,25.0,25.0,24.5,24.9,552200.0,224000.0
HVN,2021-10-04,24.95,26.0,24.9,25.9,1019500.0,575800.0
HVN,2021-10-05,26.45,26.5,25.9,26.2,801900.0,460400.0
HVN,2021-10-06,26.2,26.3,25.85,25.9,768900.0,187400.0
HVN,2021-10-07,26.0,26.1,25.65,25.95,714700.0,326700.0
HVN,2021-10-08,26.0,26.2,25.9,26.1,867100.0,512900.0
HVN,2021-10-11,26.7,27.5,26.5,27.0,1453400.0,677600.0
HVN,2021-10-12,27.1,27.45,26.5,26.7,1112900.0,343000.0
HVN,2021-10-13,26.7,26.9,26.4,26.45,636900.0,216300.0
HVN,2021-10-14,26.45,26.55,26.25,26.3,757400.0,234900.0
HVN,2021-10-15,26.1,26.3,26.0,26.05,1000600.0,241200.0
HVN,2021-10-18,26.05,26.3,25.6,25.6,999000.0,317800.0
HVN,2021-10-19,25.6,25.8,25.45,25.75,441800.0,237200.0
HVN,2021-10-20,26.2,26.5,25.7,25.9,554500.0,161700.0
HVN,2021-10-21,26.0,26.2,25.8,25.95,436200.0,186700.0
HVN,2021-10-22,25.9,26.05,25.85,25.95,683200.0,323900.0
HVN,2021-10-25,25.9,25.9,25.4,25.4,771800.0,230700.0
HVN,2021-10-26,25.4,26.0,25.1,25.8,427800.0,240300.0
HVN,2021-10-27,25.8,25.85,25.45,25.65,750200.0,261800.0
HVN,2021-10-28,25.0,25.2,24.95,25.0,2624300.0,894200.0
HVN,2021-10-29,24.9,24.9,24.05,24.8,2089300.0,991300.0
HVN,2021-11-01,24.8,24.8,24.5,24.7,718200.0,323600.0
HVN,2021-11-02,24.6,24.65,24.4,24.6,789600.0,339800.0
HVN,2021-11-03,24.6,24.6,22.9,22.95,2071700.0,649900.0
HVN,2021-11-04,22.95,24.55,22.55,24.15,1205300.0,818800.0
HVN,2021-11-05,24.15,25.0,24.15,24.65,902700.0,427000.0
HVN,2021-11-08,25.0,25.0,24.65,24.9,1128800.0,656000.0
HVN,2021-11-09,24.9,24.95,24.5,24.8,700000.0,247200.0
HVN,2021-11-10,24.6,24.8,24.5,24.65,820400.0,355300.0
HVN,2021-11-11,24.75,25.1,24.5,24.9,841400.0,496600.0
HVN,2021-11-12,24.9,25.15,24.9,25.05,736800.0,377900.0
HVN,2021-11-15,24.9,24.9,24.5,24.6,1337600.0,417600.0
HVN,2021-11-16,24.6,25.7,24.45,25.1,1134800.0,605500.0
HVN,2021-11-17,26.0,26.1,25.5,25.8,2083200.0,1206600.0
HVN,2021-11-18,25.8,25.9,25.1,25.2,1250100.0,338000.0
HVN,2021-11-19,23.45,24.0,23.45,23.45,17810300.0,5826200.0
HVN,2021-11-22,22.9,23.6,22.9,23.0,4234500.0,1834500.0
HVN,2021-11-23,23.0,23.45,23.0,23.35,2245800.0,999300.0
HVN,2021-11-24,23.35,24.0,23.25,23.65,3797000.0,2040300.0
HVN,2021-11-25,23.65,23.8,23.5,23.8,3171700.0,1726400.0
HVN,2021-11-26,23.9,24.4,23.85,23.85,3782400.0,1583300.0
HVN,2021-11-29,23.0,23.4,22.7,23.15,3961300.0,1434100.0
HVN,2021-11-30,23.1,23.5,23.0,23.0,2663100.0,843300.0
HVN,2021-12-01,23.0,23.3,22.8,23.05,2435200.0,1252300.0
HVN,2021-12-02,23.05,23.1,22.9,22.9,1797000.0,805200.0
HVN,2021-12-03,22.95,23.05,22.8,22.8,2173400.0,817900.0
HVN,2021-12-06,22.7,22.8,22.0,22.05,2759600.0,1041000.0
HVN,2021-12-07,22.05,22.45,22.0,22.2,1328900.0,619500.0
HVN,2021-12-08,22.5,23.5,22.45,22.95,2014400.0,1170000.0
HVN,2021-12-09,23.0,23.1,22.75,22.9,1069700.0,513400.0
HVN,2021-12-10,23.0,24.45,23.0,23.6,4189400.0,2465800.0
HVN,2021-12-13,24.1,25.0,24.1,24.9,8010400.0,4994000.0
HVN,2021-12-14,25.1,25.3,24.2,24.95,4842100.0,2557000.0
HVN,2021-12-15,24.95,24.95,24.1,24.3,2899900.0,1209100.0
HVN,2021-12-16,24.3,24.55,23.35,23.35,5399700.0,1535800.0
HVN,2021-12-17,23.05,23.85,23.05,23.45,2654800.0,1145400.0
HVN,2021-12-20,23.45,23.7,23.0,23.7,2121700.0,858800.0
HVN,2021-12-21,23.5,23.5,23.1,23.35,1995400.0,622000.0
HVN,2021-12-22,23.5,23.6,23.1,23.1,2190000.0,748700.0
HVN,2021-12-23,23.2,23.5,23.0,23.1,2447700.0,988800.0
HVN,2021-12-24,23.15,23.45,23.15,23.3,1326800.0,605100.0
HVN,2021-12-27,23.35,23.75,23.2,23.35,1268000.0,513800.0
HVN,2021-12-28,23.4,23.55,23.1,23.1,1845500.0,602800.0
HVN,2021-12-29,23.2,23.3,23.1,23.2,1051900.0,502700.0
HVN,2021-12-30,23.25,23.35,23.15,23.2,1628200.0,566700.0
HVN,2021-12-31,23.2,23.25,23.0,23.15,2083300.0,698200.0
HVN,2022-01-04,23.2,23.5,23.15,23.3,1832000.0,975500.0
HVN,2022-01-05,23.4,23.4,23.1,23.1,2256200.0,845800.0
HVN,2022-01-06,23.1,23.1,22.8,22.85,2466400.0,589700.0
HVN,2022-01-07,22.85,22.85,22.6,22.65,2127400.0,844200.0
HVN,2022-01-10,22.75,24.0,22.75,23.2,3072300.0,1578900.0
HVN,2022-01-11,23.15,23.3,22.9,23.05,1685900.0,828600.0
HVN,2022-01-12,23.05,23.1,22.6,22.95,1593700.0,495900.0
HVN,2022-01-13,22.95,22.95,22.6,22.65,1427600.0,498000.0
HVN,2022-01-14,22.5,22.7,22.2,22.7,1433700.0,653700.0
HVN,2022-01-17,22.7,23.5,22.7,22.9,2074000.0,889500.0
HVN,2022-01-18,22.9,23.15,22.7,22.95,1544300.0,700000.0
HVN,2022-01-19,22.75,23.0,22.6,22.7,1050700.0,458000.0
HVN,2022-01-20,22.6,22.8,22.45,22.8,1127900.0,530200.0
HVN,2022-01-21,22.8,22.8,22.65,22.7,1163900.0,331000.0
HVN,2022-01-24,22.8,23.5,22.75,22.8,2579000.0,1395700.0
HVN,2022-01-25,23.0,23.4,22.9,23.35,2913000.0,1743300.0
HVN,2022-01-26,23.8,24.2,23.6,24.1,5819400.0,3423100.0
HVN,2022-01-27,24.15,24.2,23.8,24.0,3012200.0,1326100.0
HVN,2022-01-28,24.0,24.6,23.9,24.3,3385600.0,2013500.0
HVN,2022-02-07,25.7,26.0,25.3,26.0,11637900.0,10364000.0
HVN,2022-02-08,26.1,27.3,25.75,26.0,9015000.0,4259300.0
HVN,2022-02-09,26.0,26.5,25.9,26.25,5478100.0,2623500.0
HVN,2022-02-10,26.5,26.8,26.2,26.4,7410000.0,3397500.0
HVN,2022-02-11,26.4,26.5,25.75,26.2,6889400.0,2986100.0
HVN,2022-02-14,26.5,27.3,26.4,26.4,7858800.0,3752900.0
HVN,2022-02-15,26.1,26.5,25.8,26.25,4059500.0,2031100.0
HVN,2022-02-16,26.3,26.5,26.15,26.35,3865200.0,2085400.0
HVN,2022-02-17,26.35,27.5,26.15,26.8,7745200.0,3982400.0
HVN,2022-02-18,26.65,27.35,26.5,27.3,6504800.0,4093800.0
HVN,2022-02-21,27.3,27.3,26.8,26.8,4712600.0,1655000.0
HVN,2022-02-22,26.2,26.55,26.0,26.1,5663400.0,1820200.0
HVN,2022-02-23,26.0,26.6,25.95,26.25,3076300.0,1365300.0
HVN,2022-02-24,26.2,26.35,25.0,25.65,7196700.0,2587400.0
HVN,2022-02-25,25.75,26.2,25.75,25.9,2367700.0,1234800.0
HVN,2022-02-28,25.7,25.75,25.0,25.35,2599200.0,941700.0
HVN,2022-03-01,25.3,25.5,25.05,25.4,3286200.0,1558900.0
HVN,2022-03-02,25.35,25.4,24.95,25.0,3082400.0,1013800.0
HVN,2022-03-03,25.0,25.2,24.8,25.0,3149000.0,1549600.0
HVN,2022-03-04,25.0,25.75,25.0,25.4,2181900.0,1103900.0
HVN,2022-03-07,25.35,25.35,24.85,24.9,3002100.0,886700.0
HVN,2022-03-08,24.7,25.8,24.55,25.2,3556300.0,1865000.0
HVN,2022-03-09,25.2,25.5,24.8,25.0,1877100.0,634300.0
HVN,2022-03-10,25.4,26.5,25.2,26.2,5220700.0,3515700.0
HVN,2022-03-11,26.2,26.2,25.7,25.8,3302400.0,1301800.0
HVN,2022-03-14,25.6,26.5,25.6,26.15,5080600.0,3083400.0
HVN,2022-03-15,26.15,26.7,26.1,26.15,3315400.0,1342800.0
HVN,2022-03-16,26.6,26.6,25.7,25.7,4013300.0,1133600.0
HVN,2022-03-17,25.7,25.95,25.0,25.6,2675900.0,816200.0
HVN,2022-03-18,25.7,25.85,25.3,25.35,2556500.0,837900.0
HVN,2022-03-21,25.35,25.35,25.05,25.2,2922400.0,1032900.0
HVN,2022-03-22,25.1,25.65,25.05,25.3,1830700.0,720700.0
HVN,2022-03-23,25.3,25.35,25.15,25.2,2079400.0,745400.0
HVN,2022-03-24,25.1,25.7,25.05,25.45,3041300.0,1506200.0
HVN,2022-03-25,25.45,25.7,25.35,25.35,1600300.0,508100.0
HVN,2022-03-28,25.35,25.35,24.7,24.95,3047000.0,756200.0
HVN,2022-03-29,24.9,25.35,24.85,25.1,2584900.0,991700.0
HVN,2022-03-30,25.0,25.3,24.9,24.9,2364300.0,878500.0
HVN,2022-03-31,24.85,25.1,24.85,24.9,1322000.0,596400.0
HVN,2022-04-01,24.8,25.25,24.65,25.05,1926000.0,981500.0
HVN,2022-04-04,25.0,25.05,24.65,24.9,2564000.0,1039300.0
HVN,2022-04-05,24.85,25.5,24.85,25.2,1914600.0,938600.0
HVN,2022-04-06,25.2,25.2,24.9,24.95,1382700.0,512200.0
HVN,2022-04-07,24.95,25.0,24.7,24.7,1458500.0,363200.0
HVN,2022-04-08,24.7,24.85,24.05,24.1,2567100.0,647200.0
HVN,2022-04-12,24.5,24.5,24.0,24.0,1663900.0,630300.0
HVN,2022-04-13,24.0,24.25,23.4,23.85,1763900.0,717800.0
HVN,2022-04-14,23.9,24.4,23.9,24.0,995000.0,430200.0
HVN,2022-04-15,24.0,24.1,23.4,23.4,1619000.0,458900.0
HVN,2022-04-18,23.4,23.4,22.45,22.55,2324400.0,729500.0
HVN,2022-04-19,22.2,23.0,22.2,22.3,1727700.0,610500.0
HVN,2022-04-20,22.3,22.85,22.3,22.55,1727300.0,844700.0
HVN,2022-04-21,22.55,22.55,21.3,22.3,2011800.0,683900.0
HVN,2022-04-22,22.3,23.0,21.75,21.9,2540300.0,886800.0
HVN,2022-04-25,21.9,22.4,20.7,20.7,1980600.0,578300.0
HVN,2022-04-26,20.7,21.5,20.0,21.5,1797200.0,923000.0
HVN,2022-04-27,21.7,21.85,21.15,21.85,717100.0,418700.0
HVN,2022-04-28,22.0,22.0,21.55,21.7,934200.0,376800.0
HVN,2022-04-29,21.7,21.8,21.55,21.75,1417400.0,642200.0
HVN,2022-05-04,21.75,22.8,21.75,22.3,1341900.0,678800.0
HVN,2022-05-05,22.65,22.65,21.65,21.95,880200.0,236200.0
HVN,2022-05-06,21.5,21.65,21.0,21.0,1179000.0,381600.0
HVN,2022-05-09,20.7,20.8,19.55,19.55,2926600.0,794700.0
HVN,2022-05-10,19.55,20.1,18.6,20.1,965000.0,543900.0
HVN,2022-05-11,20.5,20.5,20.05,20.3,682100.0,302600.0
HVN,2022-05-12,20.1,20.3,19.0,19.0,1320300.0,302300.0
HVN,2022-05-13,19.0,19.1,17.7,17.75,1721500.0,493700.0
HVN,2022-05-16,18.0,18.9,17.85,18.1,1226600.0,553000.0
HVN,2022-05-17,18.1,19.35,17.8,19.2,1721500.0,962300.0
HVN,2022-05-18,19.5,19.5,18.8,18.8,1136000.0,375900.0
HVN,2022-05-19,18.35,18.6,18.2,18.35,973200.0,395500.0
HVN,2022-05-20,18.35,18.6,18.25,18.4,967000.0,379300.0
HVN,2022-05-23,18.4,18.45,17.7,17.85,1874700.0,546200.0
HVN,2022-05-24,17.85,17.85,17.0,17.4,1682900.0,568200.0
HVN,2022-05-25,17.5,17.9,17.1,17.8,1347800.0,741600.0
HVN,2022-05-26,17.8,18.35,17.7,17.85,1006800.0,406800.0
HVN,2022-05-27,17.85,18.6,17.85,18.6,2084900.0,1225300.0
HVN,2022-05-30,18.6,19.2,18.6,19.15,1508100.0,1198100.0
HVN,2022-05-31,19.15,19.25,18.55,18.65,1471400.0,475700.0
HVN,2022-06-01,18.6,18.7,18.3,18.6,984200.0,354300.0
HVN,2022-06-02,18.45,18.5,18.0,18.0,1450800.0,263000.0
HVN,2022-06-03,18.0,18.4,17.9,18.05,944600.0,315100.0
HVN,2022-06-06,18.05,18.4,17.9,17.9,1108100.0,329600.0
HVN,2022-06-07,17.9,17.9,17.4,17.65,1296900.0,392400.0
HVN,2022-06-08,17.6,18.35,17.6,18.05,1217900.0,644000.0
HVN,2022-06-09,18.05,18.55,17.95,18.5,1320100.0,772200.0
HVN,2022-06-10,18.2,18.5,18.0,18.0,960500.0,353400.0
HVN,2022-06-13,17.2,17.65,17.1,17.1,1993500.0,605700.0
HVN,2022-06-14,17.0,17.4,17.0,17.1,1129900.0,441100.0
HVN,2022-06-15,17.2,17.3,16.05,16.15,1679600.0,462700.0
HVN,2022-06-16,16.2,16.95,16.15,16.25,982000.0,380900.0
HVN,2022-06-17,15.9,15.9,15.15,15.6,2157800.0,784700.0
HVN,2022-06-20,15.6,15.6,14.55,14.6,1809400.0,542800.0
HVN,2022-06-21,14.6,15.0,14.1,14.95,1305700.0,726600.0
HVN,2022-06-22,15.4,15.5,15.1,15.35,758700.0,377700.0
HVN,2022-06-23,15.3,15.3,14.7,15.3,699800.0,341400.0
HVN,2022-06-24,15.35,15.5,15.25,15.25,808200.0,345900.0
HVN,2022-06-27,15.6,16.3,15.3,16.3,1801300.0,1350900.0
HVN,2022-06-28,16.5,17.1,16.5,16.5,1459000.0,588600.0
HVN,2022-06-29,16.25,16.25,15.8,16.05,904700.0,346800.0
HVN,2022-06-30,15.8,16.0,15.5,15.5,1210300.0,442800.0
HVN,2022-07-01,15.5,15.8,15.1,15.6,1089900.0,425800.0
HVN,2022-07-04,15.9,16.1,15.7,15.75,755100.0,316100.0
HVN,2022-07-05,15.8,16.0,15.45,15.45,697100.0,208800.0
HVN,2022-07-06,15.45,16.05,15.2,15.6,967600.0,526200.0
HVN,2022-07-07,15.6,15.8,15.45,15.65,632400.0,263300.0
HVN,2022-07-08,15.8,16.45,15.75,16.35,1608100.0,954600.0
HVN,2022-07-11,16.4,16.8,16.0,16.3,1210300.0,468400.0
HVN,2022-07-12,16.25,16.45,16.2,16.35,899000.0,500700.0
HVN,2022-07-13,16.8,16.85,16.4,16.45,1650800.0,597200.0
HVN,2022-07-14,16.4,16.5,16.1,16.45,970700.0,457600.0
HVN,2022-07-15,16.45,16.7,16.4,16.4,1058000.0,406300.0
HVN,2022-07-18,16.6,16.8,16.3,16.4,1036900.0,304500.0
HVN,2022-07-19,16.4,16.45,16.25,16.4,541700.0,230200.0
HVN,2022-07-20,16.55,16.65,16.5,16.6,1263300.0,766200.0
HVN,2022-07-21,16.6,16.6,16.4,16.45,742600.0,270300.0
HVN,2022-07-22,16.45,16.75,16.45,16.6,1223300.0,479900.0
HVN,2022-07-25,16.6,16.6,16.3,16.35,643500.0,192000.0
HVN,2022-07-26,16.3,16.4,16.15,16.2,609500.0,158600.0
HVN,2022-07-27,16.1,16.1,15.6,15.95,1119900.0,461600.0
HVN,2022-07-28,16.1,16.3,15.95,16.1,740200.0,275200.0
HVN,2022-07-29,16.1,16.7,16.1,16.5,1593500.0,1054400.0
HVN,2022-08-01,16.6,17.0,16.6,16.95,2317100.0,1337400.0
HVN,2022-08-02,17.1,17.15,16.7,16.95,1573600.0,626100.0
HVN,2022-08-03,16.7,17.55,16.6,17.05,1780800.0,872400.0
HVN,2022-08-04,17.1,17.4,17.0,17.1,1449300.0,612000.0
HVN,2022-08-05,17.2,17.95,17.2,17.8,2785500.0,1651100.0
HVN,2022-08-08,17.8,17.85,17.5,17.6,1350600.0,455600.0
HVN,2022-08-09,17.6,17.6,17.3,17.55,1223300.0,587200.0
HVN,2022-08-10,17.55,18.5,17.35,18.1,2060500.0,1030200.0
HVN,2022-08-11,18.4,18.4,17.8,17.8,1928100.0,583100.0
HVN,2022-08-12,17.75,17.95,17.55,17.85,825500.0,385800.0
HVN,2022-08-15,18.0,18.05,17.6,17.65,1310500.0,468800.0
HVN,2022-08-16,17.65,17.9,17.6,17.7,968900.0,436600.0
HVN,2022-08-17,17.8,17.8,17.35,17.35,1411900.0,349200.0
HVN,2022-08-18,17.35,17.75,17.3,17.35,1206100.0,620500.0
HVN,2022-08-19,17.35,17.55,17.25,17.4,832800.0,310700.0
HVN,2022-08-22,17.4,17.55,17.3,17.4,841000.0,507400.0
HVN,2022-08-23,17.35,17.9,17.3,17.45,1203000.0,681500.0
HVN,2022-08-24,17.6,18.0,17.5,17.9,2044000.0,1260900.0
HVN,2022-08-25,17.9,18.15,17.8,17.9,940500.0,311000.0
HVN,2022-08-26,17.9,18.0,17.6,17.65,1130600.0,217600.0
HVN,2022-08-29,17.3,17.5,16.85,17.05,1772000.0,696400.0
HVN,2022-08-30,17.05,17.35,17.0,17.1,1014000.0,372600.0
HVN,2022-08-31,17.1,17.3,17.0,17.25,412100.0,218400.0
HVN,2022-09-05,17.2,17.2,17.0,17.0,958500.0,368800.0
HVN,2022-09-06,17.0,17.1,16.85,16.85,876100.0,265300.0
HVN,2022-09-07,16.7,16.95,16.25,16.25,1159300.0,294700.0
HVN,2022-09-08,16.1,16.25,15.15,15.15,4808000.0,1330000.0
HVN,2022-09-09,14.55,15.0,14.45,14.85,3956200.0,1852900.0
HVN,2022-09-12,14.85,15.4,14.65,14.65,2203700.0,751700.0
HVN,2022-09-13,14.55,14.95,14.5,14.8,1033300.0,413300.0
HVN,2022-09-14,14.6,14.8,14.55,14.75,960900.0,432100.0
HVN,2022-09-15,15.2,15.35,15.1,15.15,1440500.0,765900.0
HVN,2022-09-16,15.3,15.3,14.8,14.85,867500.0,234400.0
HVN,2022-09-19,14.75,14.85,14.5,14.55,845700.0,292800.0
HVN,2022-09-20,14.65,14.95,14.6,14.95,916800.0,521900.0
HVN,2022-09-21,14.9,14.9,14.5,14.65,995200.0,331400.0
HVN,2022-09-22,14.6,14.85,14.5,14.8,617700.0,279400.0
HVN,2022-09-23,14.8,14.85,14.6,14.6,521000.0,191500.0
HVN,2022-09-26,14.6,14.65,14.1,14.25,1365000.0,598700.0
HVN,2022-09-27,14.1,14.4,14.05,14.05,645700.0,256100.0
HVN,2022-09-28,14.05,14.15,13.65,13.65,898500.0,223700.0
HVN,2022-09-29,13.65,13.9,13.6,13.6,554400.0,173500.0
HVN,2022-09-30,13.5,13.6,12.8,13.35,1111200.0,454700.0
HVN,2022-10-03,13.25,13.35,12.5,12.5,890700.0,247700.0
HVN,2022-10-04,12.5,13.0,12.35,12.4,775400.0,312300.0
HVN,2022-10-05,12.55,12.75,12.5,12.6,608100.0,324300.0
HVN,2022-10-06,12.7,12.8,12.2,12.2,633800.0,88500.0
HVN,2022-10-07,12.0,12.2,11.35,11.35,1816600.0,249900.0
HVN,2022-10-10,11.1,11.35,10.8,11.25,890000.0,499600.0
HVN,2022-10-11,11.25,11.45,11.0,11.0,625000.0,195200.0
HVN,2022-10-12,11.1,11.55,11.1,11.4,692700.0,447000.0
HVN,2022-10-13,11.4,11.8,11.4,11.6,422900.0,170800.0
HVN,2022-10-14,11.7,11.8,11.5,11.65,630300.0,213300.0
HVN,2022-10-17,11.65,11.7,11.3,11.45,410700.0,110000.0
HVN,2022-10-18,11.6,11.75,11.45,11.65,572700.0,275100.0
HVN,2022-10-19,11.8,11.9,11.6,11.8,708500.0,428400.0
HVN,2022-10-20,11.8,11.8,11.6,11.7,453500.0,186500.0
HVN,2022-10-21,11.6,11.7,11.1,11.15,730700.0,224700.0
HVN,2022-10-24,11.15,11.25,10.45,10.55,840100.0,254900.0
HVN,2022-10-25,10.5,11.0,10.0,10.55,771900.0,319000.0
HVN,2022-10-26,10.55,10.9,10.5,10.55,437900.0,111700.0
HVN,2022-10-27,10.55,10.85,10.55,10.85,706600.0,413600.0
HVN,2022-10-28,11.0,11.15,10.75,10.75,497000.0,120300.0
HVN,2022-10-31,10.75,11.0,10.6,10.8,478800.0,172200.0
HVN,2022-11-01,11.0,11.15,10.9,10.9,519000.0,220900.0
HVN,2022-11-02,10.95,11.15,10.9,10.9,400100.0,181900.0
HVN,2022-11-03,10.8,11.0,10.8,10.85,344100.0,159200.0
HVN,2022-11-04,10.85,10.9,10.5,10.7,541800.0,203400.0
HVN,2022-11-07,10.6,10.7,10.1,10.1,670300.0,188400.0
HVN,2022-11-08,10.1,10.3,10.1,10.25,544400.0,294400.0
HVN,2022-11-09,10.3,10.5,10.3,10.4,623400.0,345800.0
HVN,2022-11-10,10.5,10.5,9.76,9.76,791900.0,138800.0
HVN,2022-11-11,10.15,10.15,9.9,9.9,382600.0,146700.0
HVN,2022-11-14,9.8,9.8,9.25,9.25,818700.0,225000.0
HVN,2022-11-15,9.0,9.25,8.61,8.61,1483500.0,246300.0
HVN,2022-11-16,8.01,9.21,8.01,9.21,1520100.0,557300.0
HVN,2022-11-17,9.7,9.7,9.31,9.42,551800.0,259800.0
HVN,2022-11-18,9.3,9.35,9.0,9.3,624600.0,328800.0
HVN,2022-11-21,9.31,9.5,9.31,9.35,658300.0,298800.0
HVN,2022-11-22,9.3,9.7,9.25,9.38,634900.0,256500.0
HVN,2022-11-23,9.38,9.48,9.23,9.23,401500.0,109700.0
HVN,2022-11-24,9.2,9.23,8.97,9.22,518500.0,166800.0
HVN,2022-11-25,9.22,9.4,9.22,9.4,559700.0,322300.0
HVN,2022-11-28,9.47,10.0,9.47,10.0,1189900.0,765300.0
HVN,2022-11-29,10.1,10.4,10.05,10.35,965100.0,463700.0
HVN,2022-11-30,10.5,10.5,10.15,10.3,1004400.0,466600.0
HVN,2022-12-01,10.4,10.75,10.4,10.45,1592200.0,727700.0
HVN,2022-12-02,10.45,10.7,10.2,10.65,1004600.0,559700.0
HVN,2022-12-05,10.85,11.1,10.85,11.05,1378700.0,798800.0
HVN,2022-12-06,11.1,11.1,10.5,10.6,1489500.0,552700.0
HVN,2022-12-07,10.4,10.75,10.3,10.55,896800.0,398200.0
HVN,2022-12-08,10.55,11.1,10.55,11.0,1154800.0,744600.0
HVN,2022-12-09,11.0,11.75,11.0,11.75,1538900.0,1402000.0
HVN,2022-12-12,12.55,12.55,12.55,12.55,865400.0,865400.0
HVN,2022-12-13,13.4,13.4,12.5,12.9,5427900.0,2982800.0
HVN,2022-12-14,13.6,13.6,13.1,13.35,1965700.0,1211700.0
HVN,2022-12-15,13.35,14.25,13.35,14.25,4025400.0,3663200.0
HVN,2022-12-16,14.65,15.2,14.3,15.1,5134700.0,2876800.0
HVN,2022-12-19,15.45,15.85,14.2,14.2,4642600.0,1494300.0
HVN,2022-12-20,14.2,15.0,13.75,14.9,3958300.0,2138100.0
HVN,2022-12-21,15.4,15.4,14.1,14.25,1480000.0,507800.0
HVN,2022-12-22,14.25,14.55,13.3,13.45,3624600.0,678900.0
HVN,2022-12-23,13.4,13.9,13.05,13.55,1041000.0,543000.0
HVN,2022-12-26,13.55,13.6,12.65,12.65,1944400.0,453800.0
HVN,2022-12-27,12.6,13.5,12.6,13.5,1847200.0,1518000.0
HVN,2022-12-28,14.1,14.4,14.0,14.15,2629800.0,1893700.0
HVN,2022-12-29,14.2,14.35,13.8,13.85,1426000.0,499500.0
HVN,2022-12-30,13.95,14.25,13.85,13.9,965800.0,375700.0
HVN,2023-01-03,13.9,14.5,13.9,14.5,1962800.0,1279200.0
HVN,2023-01-04,14.5,14.7,14.1,14.2,1638100.0,730000.0
HVN,2023-01-05,14.2,14.5,13.95,14.35,1593500.0,912000.0
HVN,2023-01-06,14.3,14.6,14.1,14.15,1814400.0,881000.0
HVN,2023-01-09,14.45,15.1,14.45,14.9,3636700.0,1936200.0
HVN,2023-01-10,14.9,14.9,14.45,14.55,1271300.0,478100.0
HVN,2023-01-11,14.65,15.2,14.55,14.95,3720600.0,1987600.0
HVN,2023-01-12,14.95,15.05,14.6,14.9,1456500.0,714500.0
HVN,2023-01-13,15.05,15.15,14.55,14.6,1754100.0,519200.0
HVN,2023-01-16,14.6,14.7,14.15,14.25,2039900.0,845200.0
HVN,2023-01-17,14.45,14.5,14.2,14.5,1877600.0,934200.0
HVN,2023-01-18,14.5,14.65,14.3,14.55,1693400.0,950900.0
HVN,2023-01-19,14.6,15.0,14.55,14.75,1546000.0,867500.0
HVN,2023-01-27,14.7,14.7,14.2,14.25,3626300.0,1249400.0
HVN,2023-01-30,14.15,14.25,13.6,13.85,2940000.0,951600.0
HVN,2023-01-31,13.85,14.3,13.65,14.1,1819400.0,939000.0
HVN,2023-02-01,14.1,14.25,13.35,13.45,1940000.0,470000.0
HVN,2023-02-02,13.5,13.75,13.0,13.1,2554300.0,851800.0
HVN,2023-02-03,12.7,12.9,12.4,12.4,3603100.0,1007300.0
HVN,2023-02-06,12.1,12.35,11.95,12.15,1435300.0,703000.0
HVN,2023-02-07,12.3,12.85,12.2,12.65,1705900.0,848200.0
HVN,2023-02-08,12.7,12.8,12.3,12.6,772800.0,284900.0
HVN,2023-02-09,12.5,12.8,12.5,12.5,427400.0,171200.0
HVN,2023-02-10,12.5,12.5,12.0,12.1,961100.0,321700.0
HVN,2023-02-13,12.1,12.15,11.55,11.65,1183700.0,420600.0
HVN,2023-02-14,11.6,11.85,11.6,11.8,494300.0,234900.0
HVN,2023-02-15,11.9,12.15,11.85,12.0,840800.0,346800.0
HVN,2023-02-16,12.0,12.2,12.0,12.1,577100.0,212200.0
HVN,2023-02-17,12.1,12.25,12.0,12.1,659900.0,300300.0
HVN,2023-02-20,12.1,12.7,12.1,12.7,1097000.0,777900.0
HVN,2023-02-21,12.85,12.85,12.55,12.6,976600.0,290200.0
HVN,2023-02-22,12.4,12.6,12.1,12.1,1009800.0,294900.0
HVN,2023-02-23,12.1,12.35,12.0,12.35,1266500.0,739500.0
HVN,2023-02-24,12.5,13.05,12.4,13.0,2235100.0,1410800.0
HVN,2023-02-27,12.95,12.95,12.5,12.55,897200.0,287100.0
HVN,2023-02-28,12.8,12.8,12.0,12.1,1300900.0,350700.0
HVN,2023-03-01,12.15,12.35,12.0,12.35,649000.0,331800.0
HVN,2023-03-02,12.45,12.45,12.1,12.15,569200.0,184400.0
HVN,2023-03-03,12.4,12.4,12.0,12.0,851800.0,208100.0
HVN,2023-03-06,12.2,12.5,12.15,12.5,935800.0,596300.0
HVN,2023-03-07,12.5,12.5,12.3,12.4,511800.0,189700.0
HVN,2023-03-08,12.3,12.45,12.15,12.45,575400.0,348700.0
HVN,2023-03-09,13.3,13.3,13.3,13.3,1132300.0,1132300.0
HVN,2023-03-10,14.2,14.2,13.7,13.95,5235100.0,3168600.0
HVN,2023-03-13,13.7,13.8,13.0,13.0,2432200.0,698300.0
HVN,2023-03-14,13.05,13.4,12.7,13.15,1610800.0,717400.0
HVN,2023-03-15,13.4,13.65,13.15,13.5,1777500.0,944700.0
HVN,2023-03-16,13.45,13.45,13.05,13.1,1017000.0,324400.0
HVN,2023-03-17,13.2,13.35,13.0,13.1,789700.0,282300.0
HVN,2023-03-20,13.1,13.1,12.65,12.7,1318100.0,368000.0
HVN,2023-03-21,12.8,12.9,12.6,12.9,913700.0,398900.0
HVN,2023-03-22,12.95,13.35,12.95,13.1,1071300.0,695600.0
HVN,2023-03-23,13.0,13.1,12.85,13.0,481800.0,286100.0
HVN,2023-03-24,12.95,13.1,12.9,12.95,723000.0,232100.0
HVN,2023-03-27,13.0,13.25,13.0,13.2,962400.0,407300.0
HVN,2023-03-28,13.2,13.3,12.95,12.95,1191200.0,328500.0
HVN,2023-03-29,12.95,13.2,12.8,13.1,1035000.0,544900.0
HVN,2023-03-30,13.2,13.25,12.85,12.9,2002900.0,671000.0
HVN,2023-03-31,12.95,12.95,12.75,12.85,896600.0,322700.0
HVN,2023-04-03,12.85,13.0,12.8,12.85,1429700.0,584600.0
HVN,2023-04-04,12.85,13.5,12.85,13.1,1349800.0,685900.0
HVN,2023-04-05,13.1,13.2,13.0,13.1,1122000.0,371300.0
HVN,2023-04-06,13.3,13.4,13.15,13.2,2533100.0,1085600.0
HVN,2023-04-07,13.2,13.2,13.05,13.05,1079300.0,327900.0
HVN,2023-04-10,13.15,13.3,13.0,13.1,1430200.0,444800.0
HVN,2023-04-11,13.1,13.25,13.0,13.25,1295200.0,831100.0
HVN,2023-04-12,13.35,13.35,13.1,13.15,1131000.0,393500.0
HVN,2023-04-13,12.8,12.95,12.45,12.5,4501200.0,1114500.0
HVN,2023-04-14,12.5,12.65,12.2,12.25,1525400.0,528100.0
HVN,2023-04-17,12.2,12.35,12.1,12.35,1058400.0,405100.0
HVN,2023-04-18,12.35,12.45,12.2,12.35,564500.0,264900.0
HVN,2023-04-19,12.35,12.55,12.3,12.4,672300.0,283700.0
HVN,2023-04-20,12.3,12.45,12.25,12.4,487300.0,210800.0
HVN,2023-04-21,12.3,12.35,12.25,12.25,482400.0,99900.0
HVN,2023-04-24,12.25,12.3,12.0,12.05,705600.0,216000.0
HVN,2023-04-25,12.1,12.3,12.0,12.05,631100.0,237700.0
HVN,2023-04-26,12.05,12.1,11.95,12.05,540300.0,196600.0
HVN,2023-04-27,12.05,12.35,12.05,12.2,620200.0,283700.0
HVN,2023-04-28,12.2,12.3,12.1,12.1,550000.0,153700.0
HVN,2023-05-04,12.9,12.9,12.75,12.9,1593500.0,1434900.0
HVN,2023-05-05,13.1,13.35,12.7,12.7,1808900.0,790100.0
HVN,2023-05-08,12.2,12.55,12.2,12.25,2326200.0,809700.0
HVN,2023-05-09,12.25,12.45,12.2,12.25,722900.0,305300.0
HVN,2023-05-10,12.25,12.5,12.2,12.4,1136500.0,558500.0
HVN,2023-05-11,12.4,12.65,12.35,12.4,892000.0,344900.0
HVN,2023-05-12,12.25,12.4,12.25,12.4,697700.0,309900.0
HVN,2023-05-15,12.65,12.65,12.4,12.45,1073800.0,457900.0
HVN,2023-05-16,12.55,12.9,12.5,12.7,2107600.0,776600.0
HVN,2023-05-17,12.8,12.85,12.5,12.5,1025100.0,462600.0
HVN,2023-05-18,12.55,12.6,12.45,12.5,640700.0,310300.0
HVN,2023-05-19,12.6,12.6,12.4,12.45,866200.0,194200.0
HVN,2023-05-22,12.5,12.7,12.35,12.7,975600.0,619100.0
HVN,2023-05-23,12.65,12.85,12.55,12.6,671600.0,264000.0
HVN,2023-05-24,12.6,12.7,12.5,12.5,493900.0,140500.0
HVN,2023-05-25,12.4,12.55,12.4,12.5,571600.0,235400.0
HVN,2023-05-26,12.5,12.85,12.5,12.7,1262700.0,638500.0
HVN,2023-05-29,12.9,13.25,12.7,13.1,2875000.0,1827800.0
HVN,2023-05-30,13.1,13.25,12.95,13.1,1776800.0,791700.0
HVN,2023-05-31,13.2,13.2,13.0,13.15,1735200.0,757200.0
HVN,2023-06-01,13.2,13.4,13.15,13.15,1637900.0,593700.0
HVN,2023-06-02,13.25,13.3,13.1,13.2,1219100.0,580600.0
HVN,2023-06-05,13.55,13.55,13.25,13.35,2201000.0,977500.0
HVN,2023-06-06,13.35,13.4,13.15,13.4,1302100.0,625000.0
HVN,2023-06-07,13.5,13.5,13.3,13.4,1931900.0,779600.0
HVN,2023-06-08,13.4,14.0,13.35,13.65,3471400.0,1736700.0
HVN,2023-06-09,13.65,13.65,13.4,13.5,1267600.0,312300.0
HVN,2023-06-12,13.6,13.6,13.3,13.45,1153000.0,514700.0
HVN,2023-06-13,13.5,13.75,13.5,13.5,1337100.0,733500.0
HVN,2023-06-14,13.6,13.7,13.3,13.3,1335800.0,386700.0
HVN,2023-06-15,13.3,13.35,13.2,13.2,1175200.0,419100.0
HVN,2023-06-16,13.25,13.55,13.2,13.2,2202800.0,1048500.0
HVN,2023-06-19,13.5,13.5,13.25,13.25,899500.0,341000.0
HVN,2023-06-20,13.3,13.35,13.2,13.35,758500.0,338200.0
HVN,2023-06-21,13.35,13.4,13.25,13.35,1054400.0,330000.0
HVN,2023-06-22,13.45,14.25,13.45,13.9,4918300.0,3014100.0
HVN,2023-06-23,13.95,14.3,13.85,14.3,3681700.0,2205500.0
HVN,2023-06-26,14.65,15.0,14.4,14.55,4370100.0,1928100.0
HVN,2023-06-27,14.55,14.7,14.3,14.4,2037700.0,670400.0
HVN,2023-06-28,14.4,14.75,14.3,14.4,1860300.0,819000.0
HVN,2023-06-29,14.5,14.6,14.15,14.15,1757500.0,579300.0
HVN,2023-06-30,14.15,14.2,13.9,13.9,1506900.0,482400.0
HVN,2023-07-03,13.95,14.15,13.95,14.15,1103600.0,644500.0
HVN,2023-07-04,14.15,14.6,14.15,14.45,1924900.0,1131700.0
HVN,2023-07-05,14.5,14.6,14.25,14.25,1585000.0,448000.0
HVN,2023-07-06,13.4,13.8,13.3,13.3,8630300.0,2799000.0
HVN,2023-07-07,13.1,13.25,12.85,13.2,2621400.0,1190600.0
HVN,2023-07-10,13.2,13.5,13.2,13.25,1509100.0,706300.0
HVN,2023-07-11,13.3,13.35,13.1,13.15,2020500.0,721000.0
HVN,2023-07-12,13.0,13.2,12.65,12.7,2067000.0,559700.0
HVN,2023-07-13,12.7,12.75,12.4,12.55,1678200.0,662400.0
HVN,2023-07-14,12.55,13.2,12.45,13.2,2302300.0,1480000.0
HVN,2023-07-17,13.2,13.25,12.95,13.0,780400.0,304700.0
HVN,2023-07-18,13.0,13.0,12.8,12.85,597900.0,238800.0
HVN,2023-07-19,12.9,13.1,12.75,13.0,1013100.0,696400.0
HVN,2023-07-20,13.0,13.0,12.8,12.9,431300.0,305900.0
HVN,2023-07-21,12.9,13.0,12.85,12.95,814600.0,369200.0
HVN,2023-07-24,12.95,13.05,12.9,13.0,938900.0,447100.0
HVN,2023-07-25,13.5,13.5,12.9,13.05,846500.0,483700.0
HVN,2023-07-26,13.05,13.15,12.9,13.0,607400.0,216600.0
HVN,2023-07-27,12.9,13.0,12.8,12.95,933500.0,518800.0
HVN,2023-07-28,12.8,12.85,12.3,12.85,1633100.0,931400.0
HVN,2023-07-31,12.5,13.05,12.5,12.9,1363500.0,533100.0
HVN,2023-08-01,12.9,13.2,12.85,13.15,2763300.0,2105800.0
HVN,2023-08-02,13.15,13.15,12.25,12.9,928400.0,367600.0
HVN,2023-08-03,12.95,13.0,12.8,12.85,830600.0,328200.0
HVN,2023-08-04,12.85,12.95,12.6,12.9,879300.0,598200.0
HVN,2023-08-07,12.9,13.1,12.8,12.9,967100.0,421900.0
HVN,2023-08-08,12.9,13.35,12.9,13.3,2693300.0,1673600.0
HVN,2023-08-09,13.3,14.1,13.2,13.9,3584200.0,2286200.0
HVN,2023-08-10,13.9,14.0,13.5,13.55,1221400.0,387400.0
HVN,2023-08-11,13.55,13.55,13.2,13.3,1301600.0,553300.0
HVN,2023-08-14,13.3,13.8,13.3,13.5,1041100.0,548800.0
HVN,2023-08-15,13.5,13.65,13.4,13.45,650200.0,244600.0
HVN,2023-08-16,13.45,13.75,13.4,13.45,1061100.0,446700.0
HVN,2023-08-17,13.45,13.45,13.15,13.2,1087600.0,217900.0
HVN,2023-08-18,13.0,13.15,12.3,12.3,2424300.0,703300.0
HVN,2023-08-21,12.2,12.6,12.2,12.5,883600.0,380400.0
HVN,2023-08-22,12.5,12.85,12.2,12.85,1056500.0,687600.0
HVN,2023-08-23,12.65,12.85,12.25,12.5,521200.0,128700.0
HVN,2023-08-24,12.5,12.7,12.45,12.65,546800.0,252800.0
HVN,2023-08-25,12.3,12.65,12.15,12.55,414500.0,199200.0
HVN,2023-08-28,12.55,13.0,12.55,12.9,728700.0,509500.0
HVN,2023-08-29,12.9,12.9,12.7,12.8,464700.0,295400.0
HVN,2023-08-30,12.95,12.95,12.7,12.85,484900.0,233100.0
HVN,2023-08-31,12.85,13.1,12.8,13.0,706700.0,483000.0
HVN,2023-09-05,13.0,13.7,12.8,13.5,1684700.0,1053500.0
HVN,2023-09-06,13.5,13.6,13.2,13.35,625000.0,222900.0
HVN,2023-09-07,13.3,13.4,13.2,13.25,1184000.0,543000.0
HVN,2023-09-08,13.25,13.5,13.25,13.3,872000.0,422900.0
HVN,2023-09-11,13.6,13.9,13.35,13.35,1991300.0,889300.0
HVN,2023-09-12,13.4,13.5,12.45,13.05,2331800.0,655900.0
HVN,2023-09-13,13.2,13.25,12.8,12.9,1204200.0,456200.0
HVN,2023-09-14,12.9,12.95,12.45,12.7,928500.0,382400.0
HVN,2023-09-15,12.7,12.85,12.55,12.85,494200.0,322200.0
HVN,2023-09-18,12.85,12.85,12.65,12.75,337900.0,148800.0
HVN,2023-09-19,12.75,12.75,12.15,12.65,327800.0,154200.0
HVN,2023-09-20,12.6,12.85,12.6,12.75,379400.0,156500.0
HVN,2023-09-21,12.75,12.9,12.5,12.6,595000.0,101700.0
HVN,2023-09-22,12.6,12.6,12.1,12.4,875000.0,543700.0
HVN,2023-09-25,12.4,12.65,12.1,12.1,1020400.0,310300.0
HVN,2023-09-26,12.1,12.15,11.85,11.9,637000.0,292800.0
HVN,2023-09-27,11.9,12.0,11.7,11.9,580500.0,266700.0
HVN,2023-09-28,11.9,11.9,11.65,11.7,433100.0,98100.0
HVN,2023-09-29,12.0,12.0,11.4,11.85,496600.0,255400.0
HVN,2023-10-02,11.8,12.05,11.8,11.85,259000.0,106500.0
HVN,2023-10-03,11.85,11.85,11.1,11.4,679500.0,287700.0
HVN,2023-10-04,11.4,11.65,11.35,11.4,627200.0,87700.0
HVN,2023-10-05,11.4,11.6,11.4,11.4,257700.0,104600.0
HVN,2023-10-06,11.4,11.7,11.4,11.65,301900.0,177900.0
HVN,2023-10-09,11.65,11.8,11.5,11.8,281200.0,118900.0
HVN,2023-10-10,11.8,12.0,11.6,11.8,237600.0,43200.0
HVN,2023-10-11,11.6,11.95,11.5,11.7,209200.0,105900.0
HVN,2023-10-12,11.7,11.85,11.6,11.7,245400.0,93200.0
HVN,2023-10-13,11.7,11.75,11.5,11.75,198600.0,99500.0
HVN,2023-10-16,11.85,12.0,11.5,11.6,300200.0,100600.0
HVN,2023-10-17,11.6,11.65,11.55,11.55,226800.0,61700.0
HVN,2023-10-18,11.55,11.6,11.0,11.2,614800.0,148100.0
HVN,2023-10-19,11.2,11.5,11.0,11.0,333900.0,140800.0
HVN,2023-10-20,11.0,11.2,10.9,11.2,288700.0,136600.0
HVN,2023-10-23,11.2,11.2,11.0,11.05,210100.0,78300.0
HVN,2023-10-24,11.05,11.2,11.0,11.2,194700.0,62700.0
HVN,2023-10-25,11.25,11.35,11.05,11.1,154900.0,31300.0
HVN,2023-10-26,11.1,11.1,10.45,10.55,621800.0,232900.0
HVN,2023-10-27,10.55,10.7,10.3,10.6,417400.0,158700.0
HVN,2023-10-30,10.6,10.6,10.4,10.55,188200.0,102100.0
HVN,2023-10-31,10.55,10.7,10.2,10.2,409800.0,90700.0
HVN,2023-11-01,10.3,10.5,10.0,10.25,293000.0,99700.0
HVN,2023-11-02,10.4,10.85,10.4,10.7,670800.0,517900.0
HVN,2023-11-03,10.75,10.75,10.3,10.55,576400.0,127800.0
HVN,2023-11-06,10.55,10.8,10.55,10.6,253900.0,65100.0
HVN,2023-11-07,10.65,10.65,10.5,10.55,217100.0,75300.0
HVN,2023-11-08,10.6,10.9,10.5,10.9,352200.0,277100.0
HVN,2023-11-09,11.0,11.25,10.85,11.15,511100.0,276900.0
HVN,2023-11-10,11.2,11.2,10.9,11.05,265500.0,131600.0
HVN,2023-11-13,10.8,11.05,10.8,10.95,199600.0,88300.0
HVN,2023-11-14,11.0,11.15,10.95,10.95,206000.0,84000.0
HVN,2023-11-15,11.0,11.2,10.9,10.9,589800.0,146900.0
HVN,2023-11-16,11.0,11.05,10.9,11.05,206600.0,78500.0
HVN,2023-11-17,11.0,11.1,10.85,10.85,549000.0,187400.0
HVN,2023-11-20,10.85,11.05,10.7,10.95,238700.0,143600.0
HVN,2023-11-21,10.9,11.1,10.85,11.1,356400.0,262900.0
HVN,2023-11-22,11.1,11.2,11.0,11.1,275700.0,120900.0
HVN,2023-11-23,11.0,11.55,11.0,11.3,571300.0,388800.0
HVN,2023-11-24,11.3,11.35,11.1,11.2,254000.0,58900.0
HVN,2023-11-27,11.1,11.55,10.8,11.3,402900.0,268100.0
HVN,2023-11-28,11.3,11.5,11.15,11.35,196300.0,79500.0
HVN,2023-11-29,11.35,11.5,11.25,11.35,181200.0,62700.0
HVN,2023-11-30,11.4,11.4,11.25,11.25,276700.0,144400.0
HVN,2023-12-01,11.2,11.3,11.1,11.25,165100.0,79700.0
